provider_id,year_month,days_reported,avg_daily_census,total_nurse_hours,total_contract_nurse_hours,avg_total_nurse_hours_per_resident_day,avg_rn_hours_per_resident_day,avg_contract_staff_ratio,provider_name,state,city,county,ownership_type,provider_type,certified_bed_count,overall_rating,staffing_rating,quality_measure_rating,bed_utilization_rate
015009,2024-04,30,52.53333333333333,6156.11,0.0,3.9058830832826206,0.9962092059548405,0.0,"BURNS NURSING HOME, INC.",AL,,,For profit - Corporation,Medicare and Medicaid,57.0,2.0,4.0,4.0,0.9216374269005848
015009,2024-05,31,52.16129032258065,6351.22,0.0,3.9282553057066822,0.9718513706386249,0.0,"BURNS NURSING HOME, INC.",AL,,,For profit - Corporation,Medicare and Medicaid,57.0,2.0,4.0,4.0,0.9151103565365026
015009,2024-06,30,55.2,6647.92,0.0,4.018812432326233,0.8703860909884842,0.0,"BURNS NURSING HOME, INC.",AL,,,For profit - Corporation,Medicare and Medicaid,57.0,2.0,4.0,4.0,0.968421052631579
015010,2024-04,30,78.03333333333333,9014.25,0.0,3.851392684747078,0.35257256109254315,0.0,COOSA VALLEY HEALTHCARE CENTER,AL,,,For profit - Corporation,Medicare and Medicaid,85.0,4.0,3.0,3.0,0.9180392156862744
015010,2024-05,31,76.61290322580645,8919.0,0.0,3.757336716077314,0.3448821779448136,0.0,COOSA VALLEY HEALTHCARE CENTER,AL,,,For profit - Corporation,Medicare and Medicaid,85.0,4.0,3.0,3.0,0.9013282732447817
015010,2024-06,30,77.83333333333333,8731.0,0.0,3.7382905797385404,0.3422341699719513,0.0,COOSA VALLEY HEALTHCARE CENTER,AL,,,For profit - Corporation,Medicare and Medicaid,85.0,4.0,3.0,3.0,0.9156862745098039
015012,2024-04,30,46.8,5556.49,0.0,3.9624821224549867,0.6847048288949009,0.0,HIGHLANDS HEALTH AND REHAB,AL,,,Government - County,Medicare and Medicaid,50.0,4.0,3.0,2.0,0.9359999999999999
015012,2024-05,31,43.03225806451613,5881.3,0.0,4.432148892426103,0.8020212536767243,0.0,HIGHLANDS HEALTH AND REHAB,AL,,,Government - County,Medicare and Medicaid,50.0,4.0,3.0,2.0,0.8606451612903225
015012,2024-06,30,43.43333333333333,6088.95,0.0,4.702115835518807,0.8696625046760459,0.0,HIGHLANDS HEALTH AND REHAB,AL,,,Government - County,Medicare and Medicaid,50.0,4.0,3.0,2.0,0.8686666666666666
015014,2024-04,30,74.16666666666667,7454.48,0.0,3.352312976603135,0.5931733332683802,0.0,EASTVIEW REHABILITATION & HEALTHCARE CENTER,AL,,,For profit - Individual,Medicare and Medicaid,92.0,2.0,1.0,2.0,0.8061594202898551
015014,2024-05,31,72.61290322580645,7273.22,0.0,3.233014513609466,0.5292539332902985,0.0,EASTVIEW REHABILITATION & HEALTHCARE CENTER,AL,,,For profit - Individual,Medicare and Medicaid,92.0,2.0,1.0,2.0,0.7892706872370266
015014,2024-06,30,71.56666666666666,7050.22,0.0,3.284189132282278,0.4898473244847063,0.0,EASTVIEW REHABILITATION & HEALTHCARE CENTER,AL,,,For profit - Individual,Medicare and Medicaid,92.0,2.0,1.0,2.0,0.7778985507246376
015015,2024-04,30,91.63333333333334,8826.82,0.0,3.211286266471873,0.3651552326527151,0.0,PLANTATION MANOR NURSING HOME,AL,,,For profit - Individual,Medicare and Medicaid,103.0,2.0,4.0,2.0,0.8896440129449839
015015,2024-05,31,90.90322580645162,8683.39,0.0,3.0825961149137577,0.38666069689140126,0.0,PLANTATION MANOR NURSING HOME,AL,,,For profit - Individual,Medicare and Medicaid,103.0,2.0,4.0,2.0,0.8825555903538992
015015,2024-06,30,93.03333333333333,8740.85,0.0,3.1341810753070702,0.402602922759016,0.0,PLANTATION MANOR NURSING HOME,AL,,,For profit - Individual,Medicare and Medicaid,103.0,2.0,4.0,2.0,0.9032362459546925
015016,2024-04,30,125.43333333333334,13198.57,0.0,3.5072135218671283,0.49168389721082584,0.0,ATHENS HEALTH AND REHABILITATION LLC,AL,,,For profit - Corporation,Medicare and Medicaid,149.0,5.0,3.0,5.0,0.841834451901566
015016,2024-05,31,129.03225806451613,14052.07,0.0,3.5199017350393262,0.49754316396932324,0.0,ATHENS HEALTH AND REHABILITATION LLC,AL,,,For profit - Corporation,Medicare and Medicaid,149.0,5.0,3.0,5.0,0.8659883091578263
015016,2024-06,30,130.46666666666667,13570.79,0.0,3.4721088147519694,0.4658684912044194,0.0,ATHENS HEALTH AND REHABILITATION LLC,AL,,,For profit - Corporation,Medicare and Medicaid,149.0,5.0,3.0,5.0,0.8756152125279643
015019,2024-04,30,99.23333333333333,8338.06,0.0,2.800852722337963,0.5688733384262011,0.0,MERRY WOOD LODGE,AL,,,For profit - Corporation,Medicare and Medicaid,124.0,3.0,2.0,5.0,0.8002688172043011
015019,2024-05,31,99.64516129032258,8295.35,0.0,2.6855628665273876,0.6722439368100516,0.0,MERRY WOOD LODGE,AL,,,For profit - Corporation,Medicare and Medicaid,124.0,3.0,2.0,5.0,0.8035900104058272
015019,2024-06,30,96.5,8211.53,0.0,2.8380847085796335,0.6709305335664376,0.0,MERRY WOOD LODGE,AL,,,For profit - Corporation,Medicare and Medicaid,124.0,3.0,2.0,5.0,0.7782258064516129
015023,2024-04,30,87.83333333333333,8771.76,1657.67,3.3290696977554513,0.8475563665034573,0.18771169237620786,HATLEY HEALTH CARE INC,AL,,,For profit - Corporation,Medicare and Medicaid,201.0,5.0,3.0,3.0,0.4369817578772802
015023,2024-05,31,88.54838709677419,8434.15,2043.64,3.072304749353277,0.7116454019453639,0.2430631319342232,HATLEY HEALTH CARE INC,AL,,,For profit - Corporation,Medicare and Medicaid,201.0,5.0,3.0,3.0,0.44053923928743377
015023,2024-06,30,85.86666666666666,8028.05,2077.58,3.116398966922192,0.6131053874907111,0.26126233647145514,HATLEY HEALTH CARE INC,AL,,,For profit - Corporation,Medicare and Medicaid,201.0,5.0,3.0,3.0,0.42719734660033165
015024,2024-04,30,135.1,11483.25,0.0,2.833354004124307,0.3695497977925459,0.0,"LIMESTONE NURSING AND REHABILITATION CENTER, LLC",AL,,,For profit - Corporation,Medicare and Medicaid,170.0,2.0,2.0,3.0,0.7947058823529412
015024,2024-05,31,135.41935483870967,11249.25,0.0,2.679876224160389,0.3332678955231541,0.0,"LIMESTONE NURSING AND REHABILITATION CENTER, LLC",AL,,,For profit - Corporation,Medicare and Medicaid,170.0,2.0,2.0,3.0,0.7965844402277039
015024,2024-06,30,133.16666666666666,11450.75,0.0,2.8662777387483795,0.43893918994943903,0.0,"LIMESTONE NURSING AND REHABILITATION CENTER, LLC",AL,,,For profit - Corporation,Medicare and Medicaid,170.0,2.0,2.0,3.0,0.7833333333333333
015027,2024-04,30,116.1,10751.0,0.0,3.0873864805830875,0.16474905494391,0.0,"WETUMPKA HEALTH AND REHABILITATION, LLC",AL,,,For profit - Corporation,Medicare and Medicaid,121.0,1.0,2.0,3.0,0.959504132231405
015027,2024-05,31,113.70967741935483,11006.42,0.0,3.122271248253938,0.16696784616012236,0.0,"WETUMPKA HEALTH AND REHABILITATION, LLC",AL,,,For profit - Corporation,Medicare and Medicaid,121.0,1.0,2.0,3.0,0.9397494001599573
015027,2024-06,30,113.5,10890.03,0.0,3.198766758325739,0.15673166753390816,0.0,"WETUMPKA HEALTH AND REHABILITATION, LLC",AL,,,For profit - Corporation,Medicare and Medicaid,121.0,1.0,2.0,3.0,0.9380165289256198
015028,2024-04,30,79.6,6878.98,0.0,2.8804166953597345,0.8171581381796679,0.0,KELLER LANDING,AL,,,For profit - Corporation,Medicare and Medicaid,109.0,5.0,4.0,2.0,0.7302752293577981
015028,2024-05,31,77.29032258064517,6991.2,0.0,2.9184705612964623,0.8773060409565159,0.0,KELLER LANDING,AL,,,For profit - Corporation,Medicare and Medicaid,109.0,5.0,4.0,2.0,0.7090855282627997
015028,2024-06,30,78.53333333333333,6793.8,0.0,2.882792455972236,0.9766195813546811,0.0,KELLER LANDING,AL,,,For profit - Corporation,Medicare and Medicaid,109.0,5.0,4.0,2.0,0.7204892966360856
015031,2024-04,30,184.83333333333334,17639.25,0.0,3.182688075557115,0.4509549840839542,0.0,MITCHELL-HOLLINGSWORTH NURSING & REHABILITATION,AL,,,For profit - Corporation,Medicare and Medicaid,222.0,4.0,4.0,3.0,0.8325825825825827
015031,2024-05,31,184.8709677419355,18624.0,0.0,3.25296468404934,0.47396779641137043,0.0,MITCHELL-HOLLINGSWORTH NURSING & REHABILITATION,AL,,,For profit - Corporation,Medicare and Medicaid,222.0,4.0,4.0,3.0,0.8327521069456554
015031,2024-06,30,182.63333333333333,18753.0,0.0,3.4238335756974934,0.5261417911323012,0.0,MITCHELL-HOLLINGSWORTH NURSING & REHABILITATION,AL,,,For profit - Corporation,Medicare and Medicaid,222.0,4.0,4.0,3.0,0.8226726726726726
015032,2024-04,30,126.36666666666666,11527.62,0.0,3.0405207393791467,0.2931712909189916,0.0,DIVERSICARE OF FOLEY,AL,,,For profit - Corporation,Medicare and Medicaid,154.0,1.0,2.0,4.0,0.8205627705627705
015032,2024-05,31,130.51612903225808,11631.25,0.0,2.8750292558619552,0.2956622487086708,0.0,DIVERSICARE OF FOLEY,AL,,,For profit - Corporation,Medicare and Medicaid,154.0,1.0,2.0,4.0,0.8475073313782993
015032,2024-06,30,127.56666666666666,10982.09,0.0,2.8715039400630227,0.3249761293293429,0.0,DIVERSICARE OF FOLEY,AL,,,For profit - Corporation,Medicare and Medicaid,154.0,1.0,2.0,4.0,0.8283549783549783
015034,2024-04,30,74.7,6910.11,0.0,3.0831784585840065,0.36726726696513645,0.0,"HUNTER CREEK HEALTH AND REHABILITATION, LLC",AL,,,For profit - Limited Liability company,Medicare and Medicaid,78.0,3.0,3.0,4.0,0.9576923076923077
015034,2024-05,31,74.38709677419355,6989.35,0.0,3.0309679249029218,0.3349914911275114,0.0,"HUNTER CREEK HEALTH AND REHABILITATION, LLC",AL,,,For profit - Limited Liability company,Medicare and Medicaid,78.0,3.0,3.0,4.0,0.9536807278742763
015034,2024-06,30,76.53333333333333,6955.05,0.0,3.029558665721788,0.3577921116490747,0.0,"HUNTER CREEK HEALTH AND REHABILITATION, LLC",AL,,,For profit - Limited Liability company,Medicare and Medicaid,78.0,3.0,3.0,4.0,0.9811965811965812
015035,2024-04,30,103.93333333333334,12672.34,0.0,4.064124729909266,0.2908191533752971,0.0,WEST GATE VILLAGE,AL,,,For profit - Corporation,Medicare and Medicaid,125.0,5.0,5.0,2.0,0.8314666666666667
015035,2024-05,31,103.38709677419355,12950.08,0.0,4.042808618815395,0.30826355822942825,0.0,WEST GATE VILLAGE,AL,,,For profit - Corporation,Medicare and Medicaid,125.0,5.0,5.0,2.0,0.8270967741935484
015035,2024-06,30,101.66666666666667,12833.93,0.0,4.208291901006306,0.3358985154703034,0.0,WEST GATE VILLAGE,AL,,,For profit - Corporation,Medicare and Medicaid,125.0,5.0,5.0,2.0,0.8133333333333334
015040,2024-04,30,117.26666666666667,7114.21,0.0,2.022892146516453,0.20884120736107337,0.0,DIVERSICARE OF MONTGOMERY,AL,,,For profit - Corporation,Medicare and Medicaid,138.0,3.0,2.0,5.0,0.8497584541062801
015040,2024-05,31,115.48387096774194,8190.99,0.0,2.290379808139736,0.23881312505345004,0.0,DIVERSICARE OF MONTGOMERY,AL,,,For profit - Corporation,Medicare and Medicaid,138.0,3.0,2.0,5.0,0.8368396446937821
015040,2024-06,30,112.5,7907.99,0.0,2.3441171214417573,0.31537774960562776,0.0,DIVERSICARE OF MONTGOMERY,AL,,,For profit - Corporation,Medicare and Medicaid,138.0,3.0,2.0,5.0,0.8152173913043478
015042,2024-04,30,102.86666666666666,9877.42,0.0,3.2016814191516487,0.3507594027982511,0.0,"SUMTER HEALTH AND REHABILITATION, L L C",AL,,,For profit - Corporation,Medicare and Medicaid,125.0,3.0,4.0,3.0,0.8229333333333333
015042,2024-05,31,104.25806451612904,9964.45,0.0,3.085964344139867,0.358726866066835,0.0,"SUMTER HEALTH AND REHABILITATION, L L C",AL,,,For profit - Corporation,Medicare and Medicaid,125.0,3.0,4.0,3.0,0.8340645161290323
015042,2024-06,30,101.4,9793.22,0.0,3.220233905618096,0.3484415358303841,0.0,"SUMTER HEALTH AND REHABILITATION, L L C",AL,,,For profit - Corporation,Medicare and Medicaid,125.0,3.0,4.0,3.0,0.8112
015044,2024-04,30,41.833333333333336,4112.9800000000005,302.23,3.28000874456419,0.2394157742034231,0.07591476715751803,"CAREGIVERS OF PLEASANT GROVE, INC",AL,,,For profit - Corporation,Medicare and Medicaid,64.0,1.0,4.0,1.0,0.6536458333333334
015044,2024-05,31,44.354838709677416,4194.12,643.37,3.049703110598302,0.1170637624560859,0.1539364037988639,"CAREGIVERS OF PLEASANT GROVE, INC",AL,,,For profit - Corporation,Medicare and Medicaid,64.0,1.0,4.0,1.0,0.6930443548387096
015044,2024-06,30,44.06666666666667,4334.31,400.46,3.2821659479594816,0.27397132419204034,0.09262598243552965,"CAREGIVERS OF PLEASANT GROVE, INC",AL,,,For profit - Corporation,Medicare and Medicaid,64.0,1.0,4.0,1.0,0.6885416666666667
015045,2024-04,30,74.96666666666667,8022.57,0.0,3.5712392133367477,0.20535709679081562,0.0,EAMC LANIER NURSING HOME,AL,,,Non profit - Corporation,Medicare and Medicaid,103.0,4.0,4.0,4.0,0.7278317152103561
015045,2024-05,31,70.93548387096774,7844.29,0.0,3.5700627190244725,0.15658372882324617,0.0,EAMC LANIER NURSING HOME,AL,,,Non profit - Corporation,Medicare and Medicaid,103.0,4.0,4.0,4.0,0.6886940181647354
015045,2024-06,30,69.06666666666666,8209.46,0.0,3.9619855948850247,0.30919283207057063,0.0,EAMC LANIER NURSING HOME,AL,,,Non profit - Corporation,Medicare and Medicaid,103.0,4.0,4.0,4.0,0.6705501618122977
015047,2024-04,30,109.33333333333333,6377.6,0.0,1.9440708928329753,0.12946914298970516,0.0,"NORTHWAY HEALTH AND REHABILITATION, LLC",AL,,,For profit - Limited Liability company,Medicare and Medicaid,113.0,2.0,3.0,3.0,0.967551622418879
015047,2024-05,31,107.19354838709677,6282.47,0.0,1.8896545758578942,0.1226639736778243,0.0,"NORTHWAY HEALTH AND REHABILITATION, LLC",AL,,,For profit - Limited Liability company,Medicare and Medicaid,113.0,2.0,3.0,3.0,0.9486154724521838
015047,2024-06,30,108.36666666666666,5624.84,0.0,1.730454405059811,0.13016341432903208,0.0,"NORTHWAY HEALTH AND REHABILITATION, LLC",AL,,,For profit - Limited Liability company,Medicare and Medicaid,113.0,2.0,3.0,3.0,0.9589970501474926
015048,2024-04,30,86.06666666666666,8564.25,0.0,3.3180602275481386,0.4869090138925911,0.0,CULLMAN HEALTH CARE CENTER,AL,,,For profit - Corporation,Medicare and Medicaid,95.0,3.0,4.0,4.0,0.9059649122807018
015048,2024-05,31,86.19354838709677,8893.75,0.0,3.3275297286530536,0.485559294976553,0.0,CULLMAN HEALTH CARE CENTER,AL,,,For profit - Corporation,Medicare and Medicaid,95.0,3.0,4.0,4.0,0.9073005093378608
015048,2024-06,30,88.93333333333334,9125.81,0.0,3.424867246116995,0.5068187773116023,0.0,CULLMAN HEALTH CARE CENTER,AL,,,For profit - Corporation,Medicare and Medicaid,95.0,3.0,4.0,4.0,0.936140350877193
015049,2024-04,30,104.73333333333333,10836.5,0.0,3.4534544004463745,0.552558065037738,0.0,EASTERN SHORE REHABILITATION AND HEALTH CENTER,AL,,,Non profit - Corporation,Medicare and Medicaid,117.0,4.0,4.0,4.0,0.8951566951566952
015049,2024-05,31,104.16129032258064,11988.0,0.0,3.71406808955226,0.5563713915742335,0.0,EASTERN SHORE REHABILITATION AND HEALTH CENTER,AL,,,Non profit - Corporation,Medicare and Medicaid,117.0,4.0,4.0,4.0,0.8902674386545354
015049,2024-06,30,103.56666666666666,11728.5,0.0,3.7790848887178137,0.5316321123165973,0.0,EASTERN SHORE REHABILITATION AND HEALTH CENTER,AL,,,Non profit - Corporation,Medicare and Medicaid,117.0,4.0,4.0,4.0,0.8851851851851852
015050,2024-04,30,53.8,4372.16,0.0,2.709631346931661,0.2804364981047371,0.0,OAK CREST HEALTH & WELLNESS,AL,,,For profit - Limited Liability company,Medicare and Medicaid,79.0,1.0,3.0,3.0,0.6810126582278481
015050,2024-05,31,56.87096774193548,4830.9,0.0,2.7426523405084824,0.2752243001711137,0.0,OAK CREST HEALTH & WELLNESS,AL,,,For profit - Limited Liability company,Medicare and Medicaid,79.0,1.0,3.0,3.0,0.7198856676194365
015050,2024-06,30,57.56666666666667,5012.19,0.0,2.9034496022491183,0.33181548303728703,0.0,OAK CREST HEALTH & WELLNESS,AL,,,For profit - Limited Liability company,Medicare and Medicaid,79.0,1.0,3.0,3.0,0.7286919831223629
015053,2024-04,30,73.9,6875.09,378.0,3.103079806590971,0.15316027829620837,0.05506403627185848,CLEBURNE COUNTY NURSING HOME,AL,,,Government - County,Medicare and Medicaid,82.0,5.0,4.0,3.0,0.901219512195122
015053,2024-05,31,71.06451612903226,7692.51,472.0,3.491373459565095,0.17679785184064695,0.06200471188021764,CLEBURNE COUNTY NURSING HOME,AL,,,Government - County,Medicare and Medicaid,82.0,5.0,4.0,3.0,0.8666404405979543
015053,2024-06,30,71.46666666666667,7817.85,221.25,3.6472372296747864,0.18260113885172816,0.02810137169781507,CLEBURNE COUNTY NURSING HOME,AL,,,Government - County,Medicare and Medicaid,82.0,5.0,4.0,3.0,0.8715447154471545
015060,2024-04,30,56.766666666666666,5104.04,0.0,2.997796441351772,0.3679511723127222,0.0,RIDGEWAY REHABILITATION & SENIOR LIVING,AL,,,For profit - Corporation,Medicare and Medicaid,69.0,1.0,3.0,3.0,0.8227053140096618
015060,2024-05,31,56.61290322580645,5333.75,0.0,3.040972252592752,0.37708507839271554,0.0,RIDGEWAY REHABILITATION & SENIOR LIVING,AL,,,For profit - Corporation,Medicare and Medicaid,69.0,1.0,3.0,3.0,0.820476858345021
015060,2024-06,30,55.6,5162.79,0.0,3.096111486258435,0.3286624241971567,0.0,RIDGEWAY REHABILITATION & SENIOR LIVING,AL,,,For profit - Corporation,Medicare and Medicaid,69.0,1.0,3.0,3.0,0.8057971014492754
015063,2024-04,30,94.1,6684.07,0.0,2.3677299887918606,0.4733913863049178,0.0,DIVERSICARE OF BOAZ,AL,,,For profit - Corporation,Medicare and Medicaid,100.0,4.0,3.0,5.0,0.941
015063,2024-05,31,97.2258064516129,7021.7300000000005,0.0,2.3310795264396846,0.5602616345444775,0.0,DIVERSICARE OF BOAZ,AL,,,For profit - Corporation,Medicare and Medicaid,100.0,4.0,3.0,5.0,0.972258064516129
015063,2024-06,30,95.4,7247.36,0.0,2.535738153233673,0.5428130011665507,0.0,DIVERSICARE OF BOAZ,AL,,,For profit - Corporation,Medicare and Medicaid,100.0,4.0,3.0,5.0,0.9540000000000001
015065,2024-04,30,145.73333333333332,11065.26,0.0,2.5325175848497237,0.27533927145534776,0.0,"PRATTVILLE HEALTH AND REHABILITATION, LLC",AL,,,For profit - Corporation,Medicare and Medicaid,162.0,1.0,2.0,2.0,0.899588477366255
015065,2024-05,31,141.67741935483872,10284.26,0.0,2.342223545836657,0.2107164216888124,0.0,"PRATTVILLE HEALTH AND REHABILITATION, LLC",AL,,,For profit - Corporation,Medicare and Medicaid,162.0,1.0,2.0,2.0,0.8745519713261649
015065,2024-06,30,136.0,10776.08,0.0,2.644926784392918,0.35473551584010077,0.0,"PRATTVILLE HEALTH AND REHABILITATION, LLC",AL,,,For profit - Corporation,Medicare and Medicaid,162.0,1.0,2.0,2.0,0.8395061728395061
015066,2024-04,30,56.6,5977.0,0.0,3.5191927335318445,0.5958794651859535,0.0,"TERRACE MANOR NURSING & REHABILITATION CENTER, INC",AL,,,For profit - Corporation,Medicare and Medicaid,63.0,5.0,4.0,2.0,0.8984126984126984
015066,2024-05,31,54.806451612903224,6896.19,0.0,4.058363212935778,0.6776603140687817,0.0,"TERRACE MANOR NURSING & REHABILITATION CENTER, INC",AL,,,For profit - Corporation,Medicare and Medicaid,63.0,5.0,4.0,2.0,0.8699436763952892
015066,2024-06,30,51.8,6431.13,0.0,4.137957710714511,0.6167212383480023,0.0,"TERRACE MANOR NURSING & REHABILITATION CENTER, INC",AL,,,For profit - Corporation,Medicare and Medicaid,63.0,5.0,4.0,2.0,0.8222222222222222
015067,2024-04,30,89.76666666666667,7494.13,0.0,2.784090138776692,0.5726496069324924,0.0,COTTAGE OF THE SHOALS,AL,,,For profit - Corporation,Medicare and Medicaid,103.0,3.0,1.0,2.0,0.8715210355987055
015067,2024-05,31,85.45161290322581,7738.68,0.0,2.9219458431007816,0.6805231419905408,0.0,COTTAGE OF THE SHOALS,AL,,,For profit - Corporation,Medicare and Medicaid,103.0,3.0,1.0,2.0,0.8296273097400564
015067,2024-06,30,90.63333333333334,7753.0199999999995,0.0,2.852799703772834,0.6172149455089865,0.0,COTTAGE OF THE SHOALS,AL,,,For profit - Corporation,Medicare and Medicaid,103.0,3.0,1.0,2.0,0.8799352750809062
015071,2024-04,30,43.53333333333333,4298.12,0.0,3.297617015152791,0.5911132968257635,0.0,ARABELLA HEALTH & WELLNESS OF RUSSELLVILLE,AL,,,For profit - Limited Liability company,Medicare and Medicaid,50.0,3.0,3.0,3.0,0.8706666666666666
015071,2024-05,31,47.25806451612903,4673.73,0.0,3.1935390511938713,0.5225816371528866,0.0,ARABELLA HEALTH & WELLNESS OF RUSSELLVILLE,AL,,,For profit - Limited Liability company,Medicare and Medicaid,50.0,3.0,3.0,3.0,0.9451612903225807
015071,2024-06,30,47.86666666666667,4611.65,0.0,3.210327408054187,0.5180474213725987,0.0,ARABELLA HEALTH & WELLNESS OF RUSSELLVILLE,AL,,,For profit - Limited Liability company,Medicare and Medicaid,50.0,3.0,3.0,3.0,0.9573333333333334
015073,2024-04,30,191.26666666666668,19391.65,0.0,3.3802664921412924,0.3122269064776974,0.0,"HANCEVILLE NURSING & REHAB CENTER, INC",AL,,,For profit - Corporation,Medicare and Medicaid,208.0,5.0,5.0,4.0,0.9195512820512821
015073,2024-05,31,192.93548387096774,20523.8,0.0,3.433679962148402,0.25013398648986696,0.0,"HANCEVILLE NURSING & REHAB CENTER, INC",AL,,,For profit - Corporation,Medicare and Medicaid,208.0,5.0,5.0,4.0,0.9275744416873449
015073,2024-06,30,188.3,20313.0,0.0,3.5933046206081363,0.3460863635155339,0.0,"HANCEVILLE NURSING & REHAB CENTER, INC",AL,,,For profit - Corporation,Medicare and Medicaid,208.0,5.0,5.0,4.0,0.9052884615384615
015075,2024-04,30,147.76666666666668,14025.93,3114.25,3.1651115769468805,0.39355129227742164,0.2195137970265614,"SUMMERFORD HEALTH AND REHAB, LLC",AL,,,For profit - Individual,Medicare and Medicaid,216.0,1.0,2.0,3.0,0.684104938271605
015075,2024-05,31,149.51612903225808,14238.35,3283.75,3.0711493082564996,0.38763251510135427,0.2273958848194386,"SUMMERFORD HEALTH AND REHAB, LLC",AL,,,For profit - Individual,Medicare and Medicaid,216.0,1.0,2.0,3.0,0.6922043010752689
015075,2024-06,30,148.63333333333333,13978.33,4032.25,3.134719596298259,0.45999914611899023,0.28315029940329967,"SUMMERFORD HEALTH AND REHAB, LLC",AL,,,For profit - Individual,Medicare and Medicaid,216.0,1.0,2.0,3.0,0.6881172839506172
015076,2024-04,30,226.86666666666667,25102.5,3648.75,3.689720763747899,0.36369725337225656,0.14617756824946002,FAIR HAVEN,AL,,,Non profit - Corporation,Medicare and Medicaid,259.0,2.0,4.0,2.0,0.875933075933076
015076,2024-05,31,230.0,26147.25,3171.5,3.667345366090253,0.3245772649387883,0.12186348870219613,FAIR HAVEN,AL,,,Non profit - Corporation,Medicare and Medicaid,259.0,2.0,4.0,2.0,0.888030888030888
015076,2024-06,30,230.23333333333332,25544.05,2950.05,3.698822065376899,0.34618163618222353,0.11568367833333983,FAIR HAVEN,AL,,,Non profit - Corporation,Medicare and Medicaid,259.0,2.0,4.0,2.0,0.8889317889317889
015083,2024-04,30,82.86666666666666,8299.880000000001,0.0,3.3378954329166364,0.481783274066513,0.0,"ELBA NURSING AND REHABILITATION CENTER, LLC",AL,,,For profit - Corporation,Medicare and Medicaid,111.0,1.0,4.0,1.0,0.7465465465465465
015083,2024-05,31,88.38709677419355,8805.41,0.0,3.2146471338223135,0.5296963700108005,0.0,"ELBA NURSING AND REHABILITATION CENTER, LLC",AL,,,For profit - Corporation,Medicare and Medicaid,111.0,1.0,4.0,1.0,0.7962801511188609
015083,2024-06,30,85.76666666666667,8404.3,0.0,3.2677959185408882,0.6280304945019923,0.0,"ELBA NURSING AND REHABILITATION CENTER, LLC",AL,,,For profit - Corporation,Medicare and Medicaid,111.0,1.0,4.0,1.0,0.7726726726726727
015084,2024-04,30,100.86666666666666,7928.46,0.0,2.62044024432864,0.10934663085668932,0.0,PARK PLACE,AL,,,For profit - Corporation,Medicare and Medicaid,103.0,2.0,2.0,4.0,0.9792880258899676
015084,2024-05,31,98.74193548387096,8250.5,0.0,2.696782289993598,0.10902301895703881,0.0,PARK PLACE,AL,,,For profit - Corporation,Medicare and Medicaid,103.0,2.0,2.0,4.0,0.9586595678045724
015084,2024-06,30,99.23333333333333,8491.01,0.0,2.851214477596225,0.10932859072073804,0.0,PARK PLACE,AL,,,For profit - Corporation,Medicare and Medicaid,103.0,2.0,2.0,4.0,0.9634304207119742
015089,2024-04,30,50.7,6027.5,0.0,3.963367354634161,0.2479575009490976,0.0,EVERGREEN NURSING HOME,AL,,,For profit - Corporation,Medicare and Medicaid,61.0,5.0,4.0,5.0,0.8311475409836067
015089,2024-05,31,54.67741935483871,6234.25,0.0,3.6807420096256873,0.21361252490476879,0.0,EVERGREEN NURSING HOME,AL,,,For profit - Corporation,Medicare and Medicaid,61.0,5.0,4.0,5.0,0.896351136964569
015089,2024-06,30,53.8,6021.75,0.0,3.730963685167616,0.21877796862466675,0.0,EVERGREEN NURSING HOME,AL,,,For profit - Corporation,Medicare and Medicaid,61.0,5.0,4.0,5.0,0.881967213114754
015091,2024-04,30,159.4,10871.69,0.0,2.274140498137769,0.13341738488323276,0.0,"NORTH HILL NURSING AND REHABILITATION CTR, LLC",AL,,,For profit - Corporation,Medicare and Medicaid,190.0,1.0,1.0,1.0,0.8389473684210527
015091,2024-05,31,154.58064516129033,11943.51,0.0,2.492236584813703,0.18610975801961252,0.0,"NORTH HILL NURSING AND REHABILITATION CTR, LLC",AL,,,For profit - Corporation,Medicare and Medicaid,190.0,1.0,1.0,1.0,0.8135823429541597
015091,2024-06,30,149.86666666666667,11605.53,0.0,2.5820651852428416,0.19852274064910427,0.0,"NORTH HILL NURSING AND REHABILITATION CTR, LLC",AL,,,For profit - Corporation,Medicare and Medicaid,190.0,1.0,1.0,1.0,0.7887719298245615
015097,2024-04,30,71.3,5155.96,0.0,2.410447558640487,0.41070339211596135,0.0,"SOUTH HEALTH AND REHABILITATION, LLC",AL,,,For profit - Corporation,Medicare and Medicaid,83.0,2.0,2.0,2.0,0.8590361445783132
015097,2024-05,31,69.54838709677419,5048.38,0.0,2.3439738280518023,0.39809066673553456,0.0,"SOUTH HEALTH AND REHABILITATION, LLC",AL,,,For profit - Corporation,Medicare and Medicaid,83.0,2.0,2.0,2.0,0.83793237465993
015097,2024-06,30,68.0,4511.31,0.0,2.223007452777872,0.4220555871120271,0.0,"SOUTH HEALTH AND REHABILITATION, LLC",AL,,,For profit - Corporation,Medicare and Medicaid,83.0,2.0,2.0,2.0,0.8192771084337349
015098,2024-04,30,74.93333333333334,7783.25,0.0,3.4674346622207515,0.5231825054701659,0.0,ALLEN HEALTH AND REHABILITATION,AL,,,Non profit - Corporation,Medicare and Medicaid,119.0,3.0,3.0,3.0,0.6296918767507003
015098,2024-05,31,76.58064516129032,7802.0,0.0,3.288607099580805,0.49575069565001006,0.0,ALLEN HEALTH AND REHABILITATION,AL,,,Non profit - Corporation,Medicare and Medicaid,119.0,3.0,3.0,3.0,0.643534833288154
015098,2024-06,30,76.63333333333334,7300.0,0.0,3.1761691168665016,0.41510003458748584,0.0,ALLEN HEALTH AND REHABILITATION,AL,,,Non profit - Corporation,Medicare and Medicaid,119.0,3.0,3.0,3.0,0.6439775910364146
015100,2024-04,30,136.06666666666666,16432.58,0.0,4.02521510323089,0.3548049249137304,0.0,CROWNE HEALTH CARE OF MOBILE,AL,,,For profit - Corporation,Medicare and Medicaid,148.0,4.0,4.0,2.0,0.9193693693693693
015100,2024-05,31,135.96774193548387,17283.42,0.0,4.10002596442595,0.4352512891536762,0.0,CROWNE HEALTH CARE OF MOBILE,AL,,,For profit - Corporation,Medicare and Medicaid,148.0,4.0,4.0,2.0,0.9187009590235397
015100,2024-06,30,139.03333333333333,16724.25,0.0,4.008454279480156,0.4058050558873196,0.0,CROWNE HEALTH CARE OF MOBILE,AL,,,For profit - Corporation,Medicare and Medicaid,148.0,4.0,4.0,2.0,0.9394144144144144
015101,2024-04,30,47.766666666666666,4971.77,0.0,3.4718783042125265,0.9597863237442166,0.0,ALTOONA  HEALTH & REHAB,AL,,,For profit - Corporation,Medicare and Medicaid,50.0,3.0,4.0,3.0,0.9553333333333334
015101,2024-05,31,48.45161290322581,5072.08,0.0,3.376231331772063,0.6915800677795513,0.0,ALTOONA  HEALTH & REHAB,AL,,,For profit - Corporation,Medicare and Medicaid,50.0,3.0,4.0,3.0,0.9690322580645162
015101,2024-06,30,46.46666666666667,4480.0,0.0,3.2127744020500395,0.6400528954328346,0.0,ALTOONA  HEALTH & REHAB,AL,,,For profit - Corporation,Medicare and Medicaid,50.0,3.0,4.0,3.0,0.9293333333333333
015103,2024-04,30,142.36666666666667,13261.1,0.0,3.1046143909007085,0.49699613754073585,0.0,"ASHLAND PLACE HEALTH AND REHABILITATION, LLC",AL,,,For profit - Corporation,Medicare and Medicaid,164.0,3.0,4.0,3.0,0.868089430894309
015103,2024-05,31,143.38709677419354,14014.78,0.0,3.156058388114729,0.5022953819984917,0.0,"ASHLAND PLACE HEALTH AND REHABILITATION, LLC",AL,,,For profit - Corporation,Medicare and Medicaid,164.0,3.0,4.0,3.0,0.8743115656963021
015103,2024-06,30,138.83333333333334,14695.03,0.0,3.528855120459103,0.5053219856193921,0.0,"ASHLAND PLACE HEALTH AND REHABILITATION, LLC",AL,,,For profit - Corporation,Medicare and Medicaid,164.0,3.0,4.0,3.0,0.8465447154471545
015104,2024-04,30,58.13333333333333,6557.25,0.0,3.7597457627118644,0.3786260471459186,0.0,SOUTHLAND NURSING HOME,AL,,,For profit - Corporation,Medicare and Medicaid,91.0,5.0,4.0,5.0,0.6388278388278388
015104,2024-05,31,57.483870967741936,6802.75,0.0,3.8207621980910877,0.40425567717300953,0.0,SOUTHLAND NURSING HOME,AL,,,For profit - Corporation,Medicare and Medicaid,91.0,5.0,4.0,5.0,0.6316908897554059
015104,2024-06,30,56.833333333333336,6499.75,0.0,3.8136702451406843,0.35646058795373214,0.0,SOUTHLAND NURSING HOME,AL,,,For profit - Corporation,Medicare and Medicaid,91.0,5.0,4.0,5.0,0.6245421245421245
015109,2024-04,30,89.83333333333333,6418.68,0.0,2.3819053039021494,0.615485915131591,0.0,"CIVIC CENTER HEALTH AND REHABILITATION, LLC",AL,,,For profit - Corporation,Medicare and Medicaid,95.0,2.0,4.0,4.0,0.9456140350877192
015109,2024-05,31,91.09677419354838,6796.28,0.0,2.4078804740140645,0.5520078669577267,0.0,"CIVIC CENTER HEALTH AND REHABILITATION, LLC",AL,,,For profit - Corporation,Medicare and Medicaid,95.0,2.0,4.0,4.0,0.9589134125636672
015109,2024-06,30,92.6,7033.18,0.0,2.5318834360289446,0.5577968556318874,0.0,"CIVIC CENTER HEALTH AND REHABILITATION, LLC",AL,,,For profit - Corporation,Medicare and Medicaid,95.0,2.0,4.0,4.0,0.9747368421052631
015111,2024-04,30,118.1,8313.14,0.0,2.347448307393028,0.29857402086616497,0.0,DIVERSICARE OF BIG SPRINGS,AL,,,For profit - Corporation,Medicare and Medicaid,145.0,3.0,2.0,4.0,0.8144827586206896
015111,2024-05,31,120.06451612903226,8321.23,0.0,2.2360785075157823,0.2761918201052228,0.0,DIVERSICARE OF BIG SPRINGS,AL,,,For profit - Corporation,Medicare and Medicaid,145.0,3.0,2.0,4.0,0.8280311457174638
015111,2024-06,30,120.2,8013.38,0.0,2.2228338869203212,0.3199548318753141,0.0,DIVERSICARE OF BIG SPRINGS,AL,,,For profit - Corporation,Medicare and Medicaid,145.0,3.0,2.0,4.0,0.8289655172413793
015112,2024-04,30,85.5,6698.9400000000005,0.0,2.615829617917988,0.3786301289020168,0.0,MAGNOLIA HAVEN HEALTH AND REHABILITATION CENTER,AL,,,For profit - Corporation,Medicare and Medicaid,111.0,2.0,2.0,2.0,0.7702702702702703
015112,2024-05,31,82.45161290322581,6530.26,0.0,2.55475454190257,0.4248295934256589,0.0,MAGNOLIA HAVEN HEALTH AND REHABILITATION CENTER,AL,,,For profit - Corporation,Medicare and Medicaid,111.0,2.0,2.0,2.0,0.7428073234524848
015112,2024-06,30,82.23333333333333,6811.22,0.0,2.7611403322672543,0.4356688537606355,0.0,MAGNOLIA HAVEN HEALTH AND REHABILITATION CENTER,AL,,,For profit - Corporation,Medicare and Medicaid,111.0,2.0,2.0,2.0,0.7408408408408409
015113,2024-04,30,157.63333333333333,14086.630000000001,4061.81,2.97875787331128,0.6127232298276739,0.28856952608806086,RIVER CITY CENTER,AL,,,For profit - Corporation,Medicare and Medicaid,183.0,1.0,3.0,3.0,0.8613843351548269
015113,2024-05,31,154.0,14319.37,3425.22,2.999025793183343,0.6421182198093804,0.23932824932782426,RIVER CITY CENTER,AL,,,For profit - Corporation,Medicare and Medicaid,183.0,1.0,3.0,3.0,0.8415300546448088
015113,2024-06,30,149.23333333333332,13403.45,2484.67,2.994015145208662,0.6544128914526265,0.18606456415511,RIVER CITY CENTER,AL,,,For profit - Corporation,Medicare and Medicaid,183.0,1.0,3.0,3.0,0.8154826958105645
015114,2024-04,30,89.7,9220.61,0.0,3.4308173217181133,0.3266329457780344,0.0,SHADESCREST HEALTH CARE CENTER,AL,,,For profit - Individual,Medicare and Medicaid,107.0,2.0,4.0,2.0,0.8383177570093459
015114,2024-05,31,94.74193548387096,9946.08,0.0,3.3864470156062114,0.356780466202923,0.0,SHADESCREST HEALTH CARE CENTER,AL,,,For profit - Individual,Medicare and Medicaid,107.0,2.0,4.0,2.0,0.8854386493819716
015114,2024-06,30,94.13333333333334,9508.42,0.0,3.366783890123423,0.33742181292360346,0.0,SHADESCREST HEALTH CARE CENTER,AL,,,For profit - Individual,Medicare and Medicaid,107.0,2.0,4.0,2.0,0.8797507788161995
015115,2024-04,30,110.16666666666667,7415.12,0.0,2.244706922953674,0.27421676113144,0.0,"CORDOVA HEALTH AND REHABILITATION, LLC",AL,,,For profit - Corporation,Medicare and Medicaid,114.0,3.0,3.0,4.0,0.966374269005848
015115,2024-05,31,107.90322580645162,6896.62,0.0,2.0614761827183066,0.246674394493166,0.0,"CORDOVA HEALTH AND REHABILITATION, LLC",AL,,,For profit - Corporation,Medicare and Medicaid,114.0,3.0,3.0,4.0,0.9465195246179966
015115,2024-06,30,104.86666666666666,6593.2699999999995,0.0,2.095423505117123,0.214825225941341,0.0,"CORDOVA HEALTH AND REHABILITATION, LLC",AL,,,For profit - Corporation,Medicare and Medicaid,114.0,3.0,3.0,4.0,0.9198830409356724
015116,2024-04,30,98.03333333333333,10239.57,201.51,3.486072919810726,0.47951027034286303,0.019990540424882186,SIGNATURE HEALTHCARE OF WHITESBURG GARDENS,AL,,,For profit - Limited Liability company,Medicare and Medicaid,159.0,1.0,3.0,1.0,0.6165618448637317
015116,2024-05,31,103.80645161290323,11470.68,269.19,3.577608060504769,0.46523983600256397,0.024508794170777864,SIGNATURE HEALTHCARE OF WHITESBURG GARDENS,AL,,,For profit - Limited Liability company,Medicare and Medicaid,159.0,1.0,3.0,1.0,0.6528707648610266
015116,2024-06,30,90.8,9663.69,66.22,3.5477097411204768,0.5436450425407118,0.007070016915182755,SIGNATURE HEALTHCARE OF WHITESBURG GARDENS,AL,,,For profit - Limited Liability company,Medicare and Medicaid,159.0,1.0,3.0,1.0,0.5710691823899371
015117,2024-04,30,97.76666666666667,7820.7,0.0,2.664802118873531,0.20332020992412375,0.0,"OAK KNOLL HEALTH AND REHABILITATION, LLC",AL,,,For profit - Corporation,Medicare and Medicaid,100.0,1.0,3.0,4.0,0.9776666666666667
015117,2024-05,31,99.06451612903226,7721.81,0.0,2.5163401689867717,0.24021587516349463,0.0,"OAK KNOLL HEALTH AND REHABILITATION, LLC",AL,,,For profit - Corporation,Medicare and Medicaid,100.0,1.0,3.0,4.0,0.9906451612903225
015117,2024-06,30,94.33333333333333,7391.33,0.0,2.6234854076352296,0.3679432668513411,0.0,"OAK KNOLL HEALTH AND REHABILITATION, LLC",AL,,,For profit - Corporation,Medicare and Medicaid,100.0,1.0,3.0,4.0,0.9433333333333332
015119,2024-04,30,130.2,9831.81,0.0,2.517225571012971,0.1527676407420477,0.0,ARABELLA HEALTH AND WELLNESS OF SELMA,AL,,,For profit - Corporation,Medicare and Medicaid,172.0,1.0,2.0,3.0,0.7569767441860464
015119,2024-05,31,128.1290322580645,11351.42,0.0,2.8570911479105505,0.23249094170478846,0.0,ARABELLA HEALTH AND WELLNESS OF SELMA,AL,,,For profit - Corporation,Medicare and Medicaid,172.0,1.0,2.0,3.0,0.7449362340585146
015119,2024-06,30,129.73333333333332,11565.41,0.0,2.9720831541410457,0.2414200732716207,0.0,ARABELLA HEALTH AND WELLNESS OF SELMA,AL,,,For profit - Corporation,Medicare and Medicaid,172.0,1.0,2.0,3.0,0.7542635658914728
015120,2024-04,30,122.26666666666667,14365.0,0.0,3.9229470336156753,0.8025154621742584,0.0,"NHC HEALTHCARE, ANNISTON",AL,,,For profit - Corporation,Medicare and Medicaid,151.0,4.0,4.0,2.0,0.8097130242825606
015120,2024-05,31,128.3548387096774,13923.75,0.0,3.5032381838992905,0.6337472563481227,0.0,"NHC HEALTHCARE, ANNISTON",AL,,,For profit - Corporation,Medicare and Medicaid,151.0,4.0,4.0,2.0,0.8500320444349497
015120,2024-06,30,124.96666666666667,13824.0,0.0,3.691575512890591,0.61323165940044,0.0,"NHC HEALTHCARE, ANNISTON",AL,,,For profit - Corporation,Medicare and Medicaid,151.0,4.0,4.0,2.0,0.8275938189845474
015121,2024-04,30,67.4,8371.25,208.0,4.140519646593815,0.29398974090255536,0.024929455658556202,CROWNE HEALTH CARE OF CITRONELLE,AL,,,For profit - Corporation,Medicare and Medicaid,69.0,5.0,4.0,4.0,0.9768115942028986
015121,2024-05,31,67.6774193548387,8877.75,226.75,4.233612150246212,0.313380773342638,0.02609167932819664,CROWNE HEALTH CARE OF CITRONELLE,AL,,,For profit - Corporation,Medicare and Medicaid,69.0,5.0,4.0,4.0,0.9808321645628798
015121,2024-06,30,67.26666666666667,8578.75,219.75,4.253591171652057,0.30216507244256124,0.02564607060746212,CROWNE HEALTH CARE OF CITRONELLE,AL,,,For profit - Corporation,Medicare and Medicaid,69.0,5.0,4.0,4.0,0.9748792270531401
015123,2024-04,30,76.3,8972.75,553.75,3.922240616639229,0.5021894028392767,0.06191327672504268,WASHINGTON COUNTY NURSING HOME,AL,,,Government - County,Medicare and Medicaid,88.0,5.0,4.0,4.0,0.8670454545454546
015123,2024-05,31,77.35483870967742,9403.75,560.75,3.9215422735159575,0.4688964826910497,0.0594867862288462,WASHINGTON COUNTY NURSING HOME,AL,,,Government - County,Medicare and Medicaid,88.0,5.0,4.0,4.0,0.8790322580645161
015123,2024-06,30,77.03333333333333,9708.5,630.5,4.199395925711715,0.42221860741597583,0.06507309437181547,WASHINGTON COUNTY NURSING HOME,AL,,,Government - County,Medicare and Medicaid,88.0,5.0,4.0,4.0,0.8753787878787879
015124,2024-04,30,67.8,7592.75,382.5,3.7326887994593743,0.6373894228446754,0.05000791430595377,CLAY COUNTY NURSING HOME,AL,,,Non profit - Other,Medicare and Medicaid,83.0,4.0,4.0,3.0,0.8168674698795181
015124,2024-05,31,72.87096774193549,8172.5,222.75,3.6212224692245347,0.6193495413716965,0.027548900073750198,CLAY COUNTY NURSING HOME,AL,,,Non profit - Other,Medicare and Medicaid,83.0,4.0,4.0,3.0,0.8779634667703071
015124,2024-06,30,72.7,7691.5,187.0,3.527032426261878,0.4544658528391405,0.024389078790239327,CLAY COUNTY NURSING HOME,AL,,,Non profit - Other,Medicare and Medicaid,83.0,4.0,4.0,3.0,0.8759036144578314
015126,2024-04,30,74.6,6679.72,0.0,2.9854754630431026,0.5275570274972516,0.0,TRAYLOR RETIREMENT COMMUNITY,AL,,,For profit - Corporation,Medicare and Medicaid,123.0,1.0,4.0,1.0,0.6065040650406504
015126,2024-05,31,75.61290322580645,6674.82,0.0,2.849349421344005,0.5318004292329656,0.0,TRAYLOR RETIREMENT COMMUNITY,AL,,,For profit - Corporation,Medicare and Medicaid,123.0,1.0,4.0,1.0,0.6147390506163126
015126,2024-06,30,72.73333333333333,6797.3,0.0,3.1151340236081593,0.6302602483882149,0.0,TRAYLOR RETIREMENT COMMUNITY,AL,,,For profit - Corporation,Medicare and Medicaid,123.0,1.0,4.0,1.0,0.5913279132791328
015127,2024-04,30,118.06666666666666,11188.25,0.0,3.160700405985756,0.23628213876184642,0.0,BROOKSHIRE HEALTHCARE CENTER,AL,,,For profit - Corporation,Medicare and Medicaid,129.0,4.0,3.0,4.0,0.9152454780361757
015127,2024-05,31,115.29032258064517,11829.25,0.0,3.3114956509222035,0.26772449012145044,0.0,BROOKSHIRE HEALTHCARE CENTER,AL,,,For profit - Corporation,Medicare and Medicaid,129.0,4.0,3.0,4.0,0.8937234308577144
015127,2024-06,30,116.53333333333333,11681.25,0.0,3.343149340969508,0.33908578715,0.0,BROOKSHIRE HEALTHCARE CENTER,AL,,,For profit - Corporation,Medicare and Medicaid,129.0,4.0,3.0,4.0,0.903359173126615
015128,2024-04,30,112.6,11537.29,2873.79,3.4162798620985337,0.5314558900334616,0.24871897829506756,"NHC HEALTHCARE, MOULTON",AL,,,For profit - Corporation,Medicare and Medicaid,136.0,1.0,3.0,3.0,0.8279411764705882
015128,2024-05,31,113.7741935483871,12078.96,2602.46,3.4276069078909757,0.4972068422708864,0.21512998118274768,"NHC HEALTHCARE, MOULTON",AL,,,For profit - Corporation,Medicare and Medicaid,136.0,1.0,3.0,3.0,0.8365749525616699
015128,2024-06,30,112.6,11830.48,2600.73,3.5086541875998156,0.43221442333522175,0.21551136886417968,"NHC HEALTHCARE, MOULTON",AL,,,For profit - Corporation,Medicare and Medicaid,136.0,1.0,3.0,3.0,0.8279411764705882
015129,2024-04,30,75.5,10045.5,173.25,4.431786256902336,0.5143104921042917,0.017894555701058742,ATMORE NURSING CENTER,AL,,,For profit - Corporation,Medicare and Medicaid,100.0,4.0,5.0,1.0,0.755
015129,2024-05,31,71.7741935483871,9991.5,196.25,4.49294495246664,0.5364697172191191,0.019586728116496244,ATMORE NURSING CENTER,AL,,,For profit - Corporation,Medicare and Medicaid,100.0,4.0,5.0,1.0,0.717741935483871
015129,2024-06,30,79.26666666666667,9685.75,190.75,4.078852628331821,0.4619355835637677,0.020058438883229904,ATMORE NURSING CENTER,AL,,,For profit - Corporation,Medicare and Medicaid,100.0,4.0,5.0,1.0,0.7926666666666666
015132,2024-04,30,131.66666666666666,9731.13,0.0,2.464617652465802,0.12193951884298597,0.0,DIVERSICARE OF OXFORD,AL,,,For profit - Corporation,Medicare and Medicaid,173.0,3.0,3.0,5.0,0.7610789980732177
015132,2024-05,31,125.35483870967742,9720.78,0.0,2.504074692837177,0.11179778571087469,0.0,DIVERSICARE OF OXFORD,AL,,,For profit - Corporation,Medicare and Medicaid,173.0,3.0,3.0,5.0,0.7245944434085401
015132,2024-06,30,123.56666666666666,9484.119999999999,0.0,2.5586720348582035,0.15047646329772627,0.0,DIVERSICARE OF OXFORD,AL,,,For profit - Corporation,Medicare and Medicaid,173.0,3.0,3.0,5.0,0.7142581888246627
015133,2024-04,30,137.2,10565.96,0.0,2.567844972659647,0.1469127479401301,0.0,MAGNOLIA RIDGE,AL,,,For profit - Corporation,Medicare and Medicaid,148.0,1.0,1.0,4.0,0.927027027027027
015133,2024-05,31,136.38709677419354,12137.03,0.0,2.8690288004465114,0.2466827393799735,0.0,MAGNOLIA RIDGE,AL,,,For profit - Corporation,Medicare and Medicaid,148.0,1.0,1.0,4.0,0.9215344376634699
015133,2024-06,30,132.4,11372.4,0.0,2.863409922479688,0.29397328134691897,0.0,MAGNOLIA RIDGE,AL,,,For profit - Corporation,Medicare and Medicaid,148.0,1.0,1.0,4.0,0.8945945945945947
015134,2024-04,30,107.9,5546.94,0.0,1.7136681792695616,0.14577185001213086,0.0,BIRMINGHAM NURSING AND REHABILITATION CENTER EAST,AL,,,For profit - Limited Liability company,Medicare and Medicaid,132.0,2.0,1.0,5.0,0.8174242424242425
015134,2024-05,31,105.51612903225806,5943.93,0.0,1.8188911974802577,0.15045306658546304,0.0,BIRMINGHAM NURSING AND REHABILITATION CENTER EAST,AL,,,For profit - Limited Liability company,Medicare and Medicaid,132.0,2.0,1.0,5.0,0.7993646138807429
015134,2024-06,30,100.86666666666666,6277.8,0.0,2.075242741705131,0.14495817343341114,0.0,BIRMINGHAM NURSING AND REHABILITATION CENTER EAST,AL,,,For profit - Limited Liability company,Medicare and Medicaid,132.0,2.0,1.0,5.0,0.7641414141414141
015135,2024-04,30,58.4,8104.5,0.0,4.6307621463921835,0.38931135523154276,0.0,JOHN KNOX MANOR INC  I I,AL,,,Non profit - Corporation,Medicare and Medicaid,98.0,4.0,4.0,4.0,0.5959183673469388
015135,2024-05,31,59.32258064516129,8822.5,0.0,4.798164149879865,0.24657677024599797,0.0,JOHN KNOX MANOR INC  I I,AL,,,Non profit - Corporation,Medicare and Medicaid,98.0,4.0,4.0,4.0,0.6053324555628703
015135,2024-06,30,62.03333333333333,8507.0,0.0,4.571387458414825,0.38610958117712973,0.0,JOHN KNOX MANOR INC  I I,AL,,,Non profit - Corporation,Medicare and Medicaid,98.0,4.0,4.0,4.0,0.6329931972789116
015136,2024-04,30,88.06666666666666,7807.97,353.0,2.95812338971365,0.29416903030557684,0.04600685488984398,FALKVILLE REHABILITATION AND HEALTHCARE CENTER,AL,,,For profit - Corporation,Medicare and Medicaid,116.0,1.0,4.0,2.0,0.7591954022988505
015136,2024-05,31,80.2258064516129,8535.25,898.75,3.4339581331700875,0.3254912375181735,0.10577130922963167,FALKVILLE REHABILITATION AND HEALTHCARE CENTER,AL,,,For profit - Corporation,Medicare and Medicaid,116.0,1.0,4.0,2.0,0.6916017797552836
015136,2024-06,30,80.9,8770.75,565.25,3.6167756148514054,0.36629020608067236,0.06414132172858322,FALKVILLE REHABILITATION AND HEALTHCARE CENTER,AL,,,For profit - Corporation,Medicare and Medicaid,116.0,1.0,4.0,2.0,0.6974137931034483
015137,2024-04,30,89.66666666666667,7899.0,0.0,2.936606173684825,0.44279490037636104,0.0,ALICEVILLE MANOR NURSING HOME,AL,,,For profit - Corporation,Medicare and Medicaid,100.0,4.0,4.0,3.0,0.8966666666666667
015137,2024-05,31,91.19354838709677,7259.08,0.0,2.5685058905265703,0.3953277925178943,0.0,ALICEVILLE MANOR NURSING HOME,AL,,,For profit - Corporation,Medicare and Medicaid,100.0,4.0,4.0,3.0,0.9119354838709677
015137,2024-06,30,93.5,7186.93,0.0,2.5613188154667554,0.3386388236758181,0.0,ALICEVILLE MANOR NURSING HOME,AL,,,For profit - Corporation,Medicare and Medicaid,100.0,4.0,4.0,3.0,0.935
015138,2024-04,30,103.4,8619.99,0.0,2.7801818283382613,0.2253922713482999,0.0,HENDRIX HEALTH AND REHABILITATION,AL,,,For profit - Individual,Medicare and Medicaid,110.0,2.0,3.0,3.0,0.9400000000000001
015138,2024-05,31,100.96774193548387,8790.43,0.0,2.8084595484770487,0.20781443656013995,0.0,HENDRIX HEALTH AND REHABILITATION,AL,,,For profit - Individual,Medicare and Medicaid,110.0,2.0,3.0,3.0,0.9178885630498533
015138,2024-06,30,98.16666666666667,8678.0,0.0,2.9482556234196786,0.2320138195464332,0.0,HENDRIX HEALTH AND REHABILITATION,AL,,,For profit - Individual,Medicare and Medicaid,110.0,2.0,3.0,3.0,0.8924242424242425
015139,2024-04,30,91.53333333333333,8891.68,0.0,3.240862012044771,0.1429274892235137,0.0,"TALLASSEE HEALTH AND REHABILITATION, LLC",AL,,,For profit - Limited Liability company,Medicare and Medicaid,111.0,2.0,2.0,2.0,0.8246246246246246
015139,2024-05,31,95.38709677419355,8666.71,0.0,2.9329854568101745,0.30649996044010674,0.0,"TALLASSEE HEALTH AND REHABILITATION, LLC",AL,,,For profit - Limited Liability company,Medicare and Medicaid,111.0,2.0,2.0,2.0,0.8593432141819239
015139,2024-06,30,97.2,8718.11,0.0,2.992153593138234,0.24952649236864272,0.0,"TALLASSEE HEALTH AND REHABILITATION, LLC",AL,,,For profit - Limited Liability company,Medicare and Medicaid,111.0,2.0,2.0,2.0,0.8756756756756757
015141,2024-04,30,47.56666666666667,6850.14,0.0,4.801063971337532,0.5577279229482933,0.0,ARBOR WOODS HEALTH AND REHAB,AL,,,For profit - Partnership,Medicare and Medicaid,85.0,4.0,4.0,3.0,0.559607843137255
015141,2024-05,31,51.03225806451613,7158.6,0.0,4.526451879318139,0.3735911718102663,0.0,ARBOR WOODS HEALTH AND REHAB,AL,,,For profit - Partnership,Medicare and Medicaid,85.0,4.0,4.0,3.0,0.6003795066413662
015141,2024-06,30,52.833333333333336,6769.5,0.0,4.269759713539773,0.371419141863056,0.0,ARBOR WOODS HEALTH AND REHAB,AL,,,For profit - Partnership,Medicare and Medicaid,85.0,4.0,4.0,3.0,0.6215686274509804
015142,2024-04,30,90.1,7174.76,0.0,2.6556708878377706,0.3558216007012046,0.0,"LINEVILLE HEALTH AND REHABILITATION, LLC",AL,,,For profit - Corporation,Medicare and Medicaid,101.0,5.0,3.0,3.0,0.892079207920792
015142,2024-05,31,92.06451612903226,7881.34,0.0,2.7609673091218556,0.34317600354767014,0.0,"LINEVILLE HEALTH AND REHABILITATION, LLC",AL,,,For profit - Corporation,Medicare and Medicaid,101.0,5.0,3.0,3.0,0.9115298626636857
015142,2024-06,30,91.33333333333333,7905.38,0.0,2.887218651066853,0.40005132521660447,0.0,"LINEVILLE HEALTH AND REHABILITATION, LLC",AL,,,For profit - Corporation,Medicare and Medicaid,101.0,5.0,3.0,3.0,0.9042904290429042
015143,2024-04,30,158.43333333333334,16075.92,2898.5,3.3825860373625143,0.6413367364066179,0.18065535121138768,FOREST MANOR HEALTH AND REHAB,AL,,,For profit - Limited Liability company,Medicare and Medicaid,182.0,2.0,3.0,2.0,0.8705128205128205
015143,2024-05,31,159.7741935483871,16971.44,1912.39,3.42663121414415,0.6556023207717655,0.11262166428172118,FOREST MANOR HEALTH AND REHAB,AL,,,For profit - Limited Liability company,Medicare and Medicaid,182.0,2.0,3.0,2.0,0.8778801843317973
015143,2024-06,30,160.53333333333333,16328.5,1440.25,3.390399332016373,0.5827425109132286,0.08885838492649552,FOREST MANOR HEALTH AND REHAB,AL,,,For profit - Limited Liability company,Medicare and Medicaid,182.0,2.0,3.0,2.0,0.882051282051282
015144,2024-04,30,167.83333333333334,15192.050000000001,0.0,3.01897276037707,0.3016434414481601,0.0,THE HEALTHCARE CENTER AT BUCK CREEK,AL,,,For profit - Limited Liability company,Medicare and Medicaid,198.0,2.0,3.0,3.0,0.8476430976430976
015144,2024-05,31,171.09677419354838,16096.119999999999,0.0,3.0347988989424772,0.404962580219105,0.0,THE HEALTHCARE CENTER AT BUCK CREEK,AL,,,For profit - Limited Liability company,Medicare and Medicaid,198.0,2.0,3.0,3.0,0.8641251221896383
015144,2024-06,30,167.8,16063.89,0.0,3.1908057194397585,0.41081722916530133,0.0,THE HEALTHCARE CENTER AT BUCK CREEK,AL,,,For profit - Limited Liability company,Medicare and Medicaid,198.0,2.0,3.0,3.0,0.8474747474747475
015145,2024-04,30,126.73333333333333,9036.84,0.0,2.377198477244552,0.1371748784364006,0.0,DIVERSICARE OF RIVERCHASE,AL,,,For profit - Corporation,Medicare and Medicaid,132.0,2.0,2.0,4.0,0.9601010101010101
015145,2024-05,31,122.61290322580645,9738.22,0.0,2.561942770570185,0.1002164466168817,0.0,DIVERSICARE OF RIVERCHASE,AL,,,For profit - Corporation,Medicare and Medicaid,132.0,2.0,2.0,4.0,0.9288856304985337
015145,2024-06,30,122.9,9741.81,0.0,2.6424562181010334,0.17454738854511218,0.0,DIVERSICARE OF RIVERCHASE,AL,,,For profit - Corporation,Medicare and Medicaid,132.0,2.0,2.0,4.0,0.9310606060606061
015147,2024-04,30,111.66666666666667,9452.4,548.67,2.8226413024111787,0.46990586828485514,0.05799282110085618,GLENWOOD CENTER,AL,,,For profit - Corporation,Medicare and Medicaid,125.0,1.0,3.0,3.0,0.8933333333333334
015147,2024-05,31,109.19354838709677,9596.49,688.22,2.83458920618588,0.4456004003278832,0.07220678071305908,GLENWOOD CENTER,AL,,,For profit - Corporation,Medicare and Medicaid,125.0,1.0,3.0,3.0,0.8735483870967742
015147,2024-06,30,110.56666666666666,9566.06,258.77,2.8865301704905475,0.42672100034770466,0.028022056398702533,GLENWOOD CENTER,AL,,,For profit - Corporation,Medicare and Medicaid,125.0,1.0,3.0,3.0,0.8845333333333333
015148,2024-04,30,81.56666666666666,6507.82,0.0,2.6615827167366786,0.42341861737660225,0.0,DIVERSICARE OF ARAB,AL,,,For profit - Limited Liability company,Medicare and Medicaid,87.0,1.0,4.0,4.0,0.9375478927203065
015148,2024-05,31,84.19354838709677,6794.75,0.0,2.6046277836831235,0.41368019079799007,0.0,DIVERSICARE OF ARAB,AL,,,For profit - Limited Liability company,Medicare and Medicaid,87.0,1.0,4.0,4.0,0.9677419354838709
015148,2024-06,30,83.8,6205.04,0.0,2.468526633801759,0.38672910102363006,0.0,DIVERSICARE OF ARAB,AL,,,For profit - Limited Liability company,Medicare and Medicaid,87.0,1.0,4.0,4.0,0.9632183908045977
015149,2024-04,30,58.86666666666667,7840.4,0.0,4.43966660565792,0.9494899873881079,0.0,SUNSET MANOR,AL,,,For profit - Corporation,Medicare and Medicaid,71.0,3.0,5.0,1.0,0.8291079812206573
015149,2024-05,31,58.25806451612903,7976.78,0.0,4.4195313836995345,0.9326404499399173,0.0,SUNSET MANOR,AL,,,For profit - Corporation,Medicare and Medicaid,71.0,3.0,5.0,1.0,0.8205361199454794
015149,2024-06,30,61.43333333333333,7727.56,0.0,4.194748263430214,0.8490506805976381,0.0,SUNSET MANOR,AL,,,For profit - Corporation,Medicare and Medicaid,71.0,3.0,5.0,1.0,0.8652582159624412
015150,2024-04,30,65.56666666666666,7303.02,16.31,3.713204820231593,0.44769838174367094,0.002288117882267592,WIREGRASS REHABILITATION CENTER & NURSING HOME,AL,,,Government - County,Medicare and Medicaid,96.0,4.0,5.0,5.0,0.6829861111111111
015150,2024-05,31,64.38709677419355,7535.18,30.75,3.7745606888847654,0.48832916651939806,0.0041706004651380505,WIREGRASS REHABILITATION CENTER & NURSING HOME,AL,,,Government - County,Medicare and Medicaid,96.0,4.0,5.0,5.0,0.6706989247311829
015150,2024-06,30,61.1,7476.96,24.47,4.080967562444215,0.5101485556758693,0.0029026587803223547,WIREGRASS REHABILITATION CENTER & NURSING HOME,AL,,,Government - County,Medicare and Medicaid,96.0,4.0,5.0,5.0,0.6364583333333333
015151,2024-04,30,75.33333333333333,7748.22,0.0,3.429886302817392,0.6614018107647812,0.0,AZALEA HEALTH AND REHAB LLC,AL,,,For profit - Limited Liability company,Medicare and Medicaid,170.0,1.0,3.0,2.0,0.44313725490196076
015151,2024-05,31,71.25806451612904,7547.22,0.0,3.417466671470477,0.7452908197496936,0.0,AZALEA HEALTH AND REHAB LLC,AL,,,For profit - Limited Liability company,Medicare and Medicaid,170.0,1.0,3.0,2.0,0.41916508538899433
015151,2024-06,30,74.5,7756.4400000000005,0.0,3.470309271290688,0.7345708344889527,0.0,AZALEA HEALTH AND REHAB LLC,AL,,,For profit - Limited Liability company,Medicare and Medicaid,170.0,1.0,3.0,2.0,0.43823529411764706
015152,2024-04,30,160.06666666666666,20047.17,0.0,4.174800706613127,0.5698357655363163,0.0,EXTENDICARE HEALTH CENTER,AL,,,For profit - Corporation,Medicare and Medicaid,170.0,1.0,4.0,4.0,0.9415686274509804
015152,2024-05,31,156.90322580645162,20802.25,0.0,4.277513631467923,0.5753985937300241,0.0,EXTENDICARE HEALTH CENTER,AL,,,For profit - Corporation,Medicare and Medicaid,170.0,1.0,4.0,4.0,0.9229601518026566
015152,2024-06,30,157.63333333333333,19399.75,0.0,4.103452431582716,0.5056558644923322,0.0,EXTENDICARE HEALTH CENTER,AL,,,For profit - Corporation,Medicare and Medicaid,170.0,1.0,4.0,4.0,0.9272549019607843
015153,2024-04,30,100.26666666666667,7903.71,24.0,2.630138518888556,0.4463866107056062,0.0027122881140020493,ARLINGTON REHABILITATION & HEALTHCARE CENTER,AL,,,For profit - Corporation,Medicare and Medicaid,117.0,1.0,1.0,1.0,0.856980056980057
015153,2024-05,31,103.93548387096774,9705.0,24.0,3.0139748066051943,0.4169072190885682,0.002747742788925444,ARLINGTON REHABILITATION & HEALTHCARE CENTER,AL,,,For profit - Corporation,Medicare and Medicaid,117.0,1.0,1.0,1.0,0.8883374689826303
015153,2024-06,30,100.96666666666667,9097.85,24.0,3.021491975550633,0.4564337169036516,0.002722715157222087,ARLINGTON REHABILITATION & HEALTHCARE CENTER,AL,,,For profit - Corporation,Medicare and Medicaid,117.0,1.0,1.0,1.0,0.8629629629629629
015154,2024-04,30,86.86666666666666,9688.3,0.0,3.71753491176807,1.0457407073845448,0.0,FAYETTE MEDICAL CENTER LONG TERM CARE UNIT,AL,,,Government - County,Medicare and Medicaid,122.0,5.0,5.0,4.0,0.7120218579234973
015154,2024-05,31,85.96774193548387,11560.12,0.0,4.338235373230272,0.9520108479645736,0.0,FAYETTE MEDICAL CENTER LONG TERM CARE UNIT,AL,,,Government - County,Medicare and Medicaid,122.0,5.0,5.0,4.0,0.7046536224219989
015154,2024-06,30,87.96666666666667,11421.75,0.0,4.327799959201444,0.9052423761832241,0.0,FAYETTE MEDICAL CENTER LONG TERM CARE UNIT,AL,,,Government - County,Medicare and Medicaid,122.0,5.0,5.0,4.0,0.7210382513661202
015155,2024-04,30,138.8,12336.82,178.5,2.96308693571067,0.5178719479987655,0.014049367149967684,"RIDGEVIEW HEALTH SERVICES, INC",AL,,,For profit - Corporation,Medicare and Medicaid,148.0,4.0,4.0,2.0,0.9378378378378379
015155,2024-05,31,137.29032258064515,13915.1,141.25,3.270138544599119,0.5205190197661131,0.009899253988399024,"RIDGEVIEW HEALTH SERVICES, INC",AL,,,For profit - Corporation,Medicare and Medicaid,148.0,4.0,4.0,2.0,0.9276373147340888
015155,2024-06,30,138.2,12953.79,150.5,3.1240436689819626,0.5045849863095403,0.011303856514226154,"RIDGEVIEW HEALTH SERVICES, INC",AL,,,For profit - Corporation,Medicare and Medicaid,148.0,4.0,4.0,2.0,0.9337837837837837
015156,2024-04,30,112.6,11584.25,0.0,3.4298477116077986,0.4925158648773904,0.0,CROWNE HEALTH CARE OF FT PAYNE,AL,,,For profit - Corporation,Medicare and Medicaid,123.0,5.0,4.0,2.0,0.9154471544715447
015156,2024-05,31,111.41935483870968,11713.25,0.0,3.3910685308453172,0.49258033253822875,0.0,CROWNE HEALTH CARE OF FT PAYNE,AL,,,For profit - Corporation,Medicare and Medicaid,123.0,5.0,4.0,2.0,0.9058484133228429
015156,2024-06,30,113.0,11547.24,0.0,3.4057541591400526,0.5921430478665864,0.0,CROWNE HEALTH CARE OF FT PAYNE,AL,,,For profit - Corporation,Medicare and Medicaid,123.0,5.0,4.0,2.0,0.9186991869918699
015157,2024-04,30,54.266666666666666,5222.5,0.0,3.2093605202602635,0.3043286048042338,0.0,HALEYVILLE HEALTH CARE CENTER,AL,,,For profit - Corporation,Medicare and Medicaid,97.0,5.0,5.0,3.0,0.5594501718213059
015157,2024-05,31,54.225806451612904,5324.25,0.0,3.1703001340592634,0.329410330798797,0.0,HALEYVILLE HEALTH CARE CENTER,AL,,,For profit - Corporation,Medicare and Medicaid,97.0,5.0,5.0,3.0,0.5590289324908547
015157,2024-06,30,54.6,5414.0,0.0,3.306162903745451,0.34354744661348435,0.0,HALEYVILLE HEALTH CARE CENTER,AL,,,For profit - Corporation,Medicare and Medicaid,97.0,5.0,5.0,3.0,0.5628865979381443
015158,2024-04,30,63.666666666666664,5574.9800000000005,0.0,2.9190006842694345,0.3112198857855108,0.0,DIVERSICARE OF MARION,AL,,,For profit - Corporation,Medicare and Medicaid,71.0,4.0,3.0,5.0,0.8967136150234741
015158,2024-05,31,65.93548387096774,5421.36,0.0,2.659455436667721,0.28340616269104457,0.0,DIVERSICARE OF MARION,AL,,,For profit - Corporation,Medicare and Medicaid,71.0,4.0,3.0,5.0,0.9286687869150386
015158,2024-06,30,65.46666666666667,5501.6,0.0,2.802153264176398,0.3092168065264614,0.0,DIVERSICARE OF MARION,AL,,,For profit - Corporation,Medicare and Medicaid,71.0,4.0,3.0,5.0,0.9220657276995305
015159,2024-04,30,108.93333333333334,8003.76,0.0,2.451276747707949,0.24613110827367277,0.0,DIVERSICARE OF ONEONTA,AL,,,For profit - Corporation,Medicare and Medicaid,120.0,1.0,1.0,3.0,0.9077777777777778
015159,2024-05,31,104.03225806451613,8551.72,0.0,2.652468159405512,0.26388807480528476,0.0,DIVERSICARE OF ONEONTA,AL,,,For profit - Corporation,Medicare and Medicaid,120.0,1.0,1.0,3.0,0.8669354838709677
015159,2024-06,30,112.5,8714.28,0.0,2.57975604897464,0.26369757871826827,0.0,DIVERSICARE OF ONEONTA,AL,,,For profit - Corporation,Medicare and Medicaid,120.0,1.0,1.0,3.0,0.9375
015160,2024-04,30,129.2,13832.75,0.0,3.568620710836898,0.6477439956864384,0.0,SYLACAUGA HEALTH AND REHAB SERVICES,AL,,,Non profit - Corporation,Medicare and Medicaid,149.0,4.0,4.0,4.0,0.8671140939597315
015160,2024-05,31,127.87096774193549,13818.5,0.0,3.487814045151206,0.647492931535537,0.0,SYLACAUGA HEALTH AND REHAB SERVICES,AL,,,Non profit - Corporation,Medicare and Medicaid,149.0,4.0,4.0,4.0,0.858194414375406
015160,2024-06,30,129.13333333333333,13835.75,0.0,3.5707770433486483,0.6383258669027134,0.0,SYLACAUGA HEALTH AND REHAB SERVICES,AL,,,Non profit - Corporation,Medicare and Medicaid,149.0,4.0,4.0,4.0,0.8666666666666666
015162,2024-04,30,221.06666666666666,24125.32,0.0,3.6395758182871316,0.32961490196859694,0.0,"TALLADEGA HEALTHCARE CENTER, INC",AL,,,For profit - Corporation,Medicare and Medicaid,234.0,2.0,4.0,2.0,0.9447293447293447
015162,2024-05,31,218.61290322580646,26231.1,0.0,3.8705057920474304,0.3590979492692344,0.0,"TALLADEGA HEALTHCARE CENTER, INC",AL,,,For profit - Corporation,Medicare and Medicaid,234.0,2.0,4.0,2.0,0.9342431761786602
015162,2024-06,30,228.3,25481.35,0.0,3.7189853737474627,0.3369171640555303,0.0,"TALLADEGA HEALTHCARE CENTER, INC",AL,,,For profit - Corporation,Medicare and Medicaid,234.0,2.0,4.0,2.0,0.9756410256410257
015163,2024-04,30,156.63333333333333,19385.34,0.0,4.125929711896203,0.4595380220781299,0.0,ALBERTVILLE NURSING HOME,AL,,,For profit - Corporation,Medicare and Medicaid,159.0,4.0,4.0,4.0,0.9851153039832284
015163,2024-05,31,155.06451612903226,20450.11,0.0,4.253608748878952,0.49728768932655676,0.0,ALBERTVILLE NURSING HOME,AL,,,For profit - Corporation,Medicare and Medicaid,159.0,4.0,4.0,4.0,0.9752485291134104
015163,2024-06,30,155.06666666666666,20439.21,0.0,4.39377750168105,0.557389414991109,0.0,ALBERTVILLE NURSING HOME,AL,,,For profit - Corporation,Medicare and Medicaid,159.0,4.0,4.0,4.0,0.9752620545073375
015164,2024-04,30,70.23333333333333,6181.99,0.0,2.9347662967241734,0.2957371876136996,0.0,CHOCTAW HEALTH AND REHAB,AL,,,For profit - Limited Liability company,Medicare and Medicaid,120.0,5.0,3.0,3.0,0.5852777777777778
015164,2024-05,31,71.96774193548387,6664.35,0.0,2.986925433536062,0.37315918817762467,0.0,CHOCTAW HEALTH AND REHAB,AL,,,For profit - Limited Liability company,Medicare and Medicaid,120.0,5.0,3.0,3.0,0.5997311827956989
015164,2024-06,30,69.46666666666667,6444.01,0.0,3.092600131646181,0.3344302303877256,0.0,CHOCTAW HEALTH AND REHAB,AL,,,For profit - Limited Liability company,Medicare and Medicaid,120.0,5.0,3.0,3.0,0.5788888888888889
015166,2024-04,30,96.43333333333334,10173.0,0.0,3.5163075184970896,0.29248286651978916,0.0,DADEVILLE HEALTHCARE CENTER,AL,,,For profit - Limited Liability company,Medicare and Medicaid,144.0,2.0,3.0,3.0,0.669675925925926
015166,2024-05,31,97.38709677419355,11031.0,0.0,3.6534939278570016,0.3024062671114248,0.0,DADEVILLE HEALTHCARE CENTER,AL,,,For profit - Limited Liability company,Medicare and Medicaid,144.0,2.0,3.0,3.0,0.6762992831541219
015166,2024-06,30,98.0,10163.0,0.0,3.457269718341101,0.28425339212926654,0.0,DADEVILLE HEALTHCARE CENTER,AL,,,For profit - Limited Liability company,Medicare and Medicaid,144.0,2.0,3.0,3.0,0.6805555555555556
015167,2024-04,30,60.96666666666667,6545.0,0.0,3.577931649920677,0.8175996680180974,0.0,MARION REGIONAL NURSING HOME,AL,,,Non profit - Corporation,Medicare and Medicaid,79.0,4.0,5.0,3.0,0.7717299578059073
015167,2024-05,31,61.774193548387096,6652.08,0.0,3.4733937496801484,0.7087562477610413,0.0,MARION REGIONAL NURSING HOME,AL,,,Non profit - Corporation,Medicare and Medicaid,79.0,4.0,5.0,3.0,0.7819518170681911
015167,2024-06,30,61.13333333333333,6409.25,0.0,3.4971376102533838,0.6654666556027373,0.0,MARION REGIONAL NURSING HOME,AL,,,Non profit - Corporation,Medicare and Medicaid,79.0,4.0,5.0,3.0,0.7738396624472573
015168,2024-04,30,42.56666666666667,5168.0,0.0,4.050121907225566,0.4735543325238447,0.0,LITTLE SISTERS OF THE POOR SACRED HEART RESIDENCE,AL,,,Non profit - Corporation,Medicare and Medicaid,75.0,5.0,5.0,4.0,0.5675555555555556
015168,2024-05,31,42.096774193548384,5467.6900000000005,0.0,4.189945805266648,0.48062833217015055,0.0,LITTLE SISTERS OF THE POOR SACRED HEART RESIDENCE,AL,,,Non profit - Corporation,Medicare and Medicaid,75.0,5.0,5.0,4.0,0.5612903225806452
015168,2024-06,30,43.166666666666664,5470.58,0.0,4.225914355859052,0.44571248175785894,0.0,LITTLE SISTERS OF THE POOR SACRED HEART RESIDENCE,AL,,,Non profit - Corporation,Medicare and Medicaid,75.0,5.0,5.0,4.0,0.5755555555555555
015169,2024-04,30,122.0,10590.81,0.0,2.898563167023769,0.6122656001292491,0.0,"FLORENCE NURSING AND REHABILITATION CTR,  LLC",AL,,,For profit - Individual,Medicare and Medicaid,147.0,2.0,4.0,4.0,0.8299319727891157
015169,2024-05,31,129.58064516129033,11168.38,0.0,2.779913446023132,0.4988372433380399,0.0,"FLORENCE NURSING AND REHABILITATION CTR,  LLC",AL,,,For profit - Individual,Medicare and Medicaid,147.0,2.0,4.0,4.0,0.881500987491771
015169,2024-06,30,137.33333333333334,11914.26,0.0,2.8931686496053093,0.48160826584576405,0.0,"FLORENCE NURSING AND REHABILITATION CTR,  LLC",AL,,,For profit - Individual,Medicare and Medicaid,147.0,2.0,4.0,4.0,0.9342403628117915
015171,2024-04,30,95.73333333333333,12578.0,0.0,4.380057385989298,0.2646752586118809,0.0,SOUTHERN SPRINGS HEALTHCARE FACILITY,AL,,,For profit - Corporation,Medicare and Medicaid,123.0,4.0,4.0,4.0,0.778319783197832
015171,2024-05,31,96.0,12896.5,0.0,4.334707392193118,0.253109153872736,0.0,SOUTHERN SPRINGS HEALTHCARE FACILITY,AL,,,For profit - Corporation,Medicare and Medicaid,123.0,4.0,4.0,4.0,0.7804878048780488
015171,2024-06,30,97.56666666666666,12429.75,0.0,4.248941824837887,0.28392310020255024,0.0,SOUTHERN SPRINGS HEALTHCARE FACILITY,AL,,,For profit - Corporation,Medicare and Medicaid,123.0,4.0,4.0,4.0,0.7932249322493224
015174,2024-04,30,74.93333333333334,5903.14,0.0,2.625899257176633,0.19847135450256573,0.0,COOSA VALLEY HEALTH AND REHAB,AL,,,For profit - Corporation,Medicare and Medicaid,124.0,2.0,2.0,2.0,0.6043010752688173
015174,2024-05,31,74.0,6093.36,544.03,2.657190284357216,0.18846151441968298,0.08943392422131902,COOSA VALLEY HEALTH AND REHAB,AL,,,For profit - Corporation,Medicare and Medicaid,124.0,2.0,2.0,2.0,0.5967741935483871
015174,2024-06,30,75.36666666666666,6097.81,709.34,2.7009005063741904,0.2680780036698458,0.11438356805596323,COOSA VALLEY HEALTH AND REHAB,AL,,,For profit - Corporation,Medicare and Medicaid,124.0,2.0,2.0,2.0,0.6077956989247312
015175,2024-04,30,158.9,19653.25,1216.0,4.124248560943747,0.21769014518360036,0.06273043175018446,WESLEY PLACE ON HONEYSUCKLE,AL,,,Non profit - Corporation,Medicare and Medicaid,166.0,2.0,4.0,3.0,0.9572289156626507
015175,2024-05,31,157.32258064516128,20340.5,1108.5,4.171528612244937,0.1753968897328019,0.054457550354584196,WESLEY PLACE ON HONEYSUCKLE,AL,,,Non profit - Corporation,Medicare and Medicaid,166.0,2.0,4.0,3.0,0.9477263894286824
015175,2024-06,30,155.63333333333333,19202.75,822.25,4.113777898907428,0.1119225917619017,0.043103641090889204,WESLEY PLACE ON HONEYSUCKLE,AL,,,Non profit - Corporation,Medicare and Medicaid,166.0,2.0,4.0,3.0,0.9375502008032128
015176,2024-04,30,136.7,10589.04,0.0,2.5817207848081556,0.25596685905610456,0.0,"CROSSVILLE HEALTH AND REHABILITATION, LLC",AL,,,For profit - Corporation,Medicare and Medicaid,143.0,4.0,3.0,3.0,0.9559440559440558
015176,2024-05,31,136.58064516129033,11216.42,0.0,2.6491198532534015,0.2787033928035409,0.0,"CROSSVILLE HEALTH AND REHABILITATION, LLC",AL,,,For profit - Corporation,Medicare and Medicaid,143.0,4.0,3.0,3.0,0.95510940672231
015176,2024-06,30,135.73333333333332,11197.99,0.0,2.7499627280883936,0.33375144002420687,0.0,"CROSSVILLE HEALTH AND REHABILITATION, LLC",AL,,,For profit - Corporation,Medicare and Medicaid,143.0,4.0,3.0,3.0,0.9491841491841491
015177,2024-04,30,71.56666666666666,7263.75,32.25,3.386024181052688,0.14150420987807427,0.003874291330339857,WOODHAVEN MANOR NURSING HOME,AL,,,For profit - Corporation,Medicare and Medicaid,75.0,5.0,4.0,4.0,0.9542222222222222
015177,2024-05,31,70.7741935483871,7218.33,4.75,3.290440417242429,0.13042730631882302,0.000588379565515755,WOODHAVEN MANOR NURSING HOME,AL,,,For profit - Corporation,Medicare and Medicaid,75.0,5.0,4.0,4.0,0.9436559139784947
015177,2024-06,30,69.23333333333333,6912.5,121.5,3.3296966106099513,0.1750066347216576,0.015678592741998378,WOODHAVEN MANOR NURSING HOME,AL,,,For profit - Corporation,Medicare and Medicaid,75.0,5.0,4.0,4.0,0.9231111111111111
015178,2024-04,30,41.733333333333334,3108.75,570.5,2.483633372048006,0.14061169183120403,0.19409770798448264,GREENE COUNTY NURSING HOME,AL,,,For profit - Corporation,Medicare and Medicaid,72.0,1.0,1.0,,0.5796296296296296
015178,2024-05,31,37.645161290322584,3255.95,590.0,2.8043711205001527,0.16501166178585533,0.18445613150418078,GREENE COUNTY NURSING HOME,AL,,,For profit - Corporation,Medicare and Medicaid,72.0,1.0,1.0,,0.5228494623655915
015178,2024-06,30,38.333333333333336,3357.5,413.0,2.9158781428189324,0.18015513489197701,0.12176504226953222,GREENE COUNTY NURSING HOME,AL,,,For profit - Corporation,Medicare and Medicaid,72.0,1.0,1.0,,0.5324074074074074
015179,2024-04,30,72.46666666666667,8124.5,0.0,3.737233034814672,0.45322852577157513,0.0,PARKWOOD HEALTH CARE FACILITY,AL,,,For profit - Corporation,Medicare and Medicaid,74.0,3.0,4.0,4.0,0.9792792792792793
015179,2024-05,31,71.38709677419355,8584.0,0.0,3.879677553463364,0.42136259275098714,0.0,PARKWOOD HEALTH CARE FACILITY,AL,,,For profit - Corporation,Medicare and Medicaid,74.0,3.0,4.0,4.0,0.9646904969485615
015179,2024-06,30,71.03333333333333,8107.0,0.0,3.803554713813288,0.42840034163576746,0.0,PARKWOOD HEALTH CARE FACILITY,AL,,,For profit - Corporation,Medicare and Medicaid,74.0,3.0,4.0,4.0,0.9599099099099099
015180,2024-04,30,122.13333333333334,16427.46,652.54,4.482484563946422,0.4265874061252289,0.040188865342441385,GADSDEN HEALTH AND REHAB CENTER,AL,,,For profit - Individual,Medicare and Medicaid,168.0,4.0,4.0,3.0,0.7269841269841271
015180,2024-05,31,117.6774193548387,17382.9,471.4,4.763875621386175,0.4248282408463034,0.027322733948523577,GADSDEN HEALTH AND REHAB CENTER,AL,,,For profit - Individual,Medicare and Medicaid,168.0,4.0,4.0,3.0,0.7004608294930875
015180,2024-06,30,125.73333333333333,16577.44,117.38999999999999,4.396071883165456,0.3823054980706182,0.007241086125168485,GADSDEN HEALTH AND REHAB CENTER,AL,,,For profit - Individual,Medicare and Medicaid,168.0,4.0,4.0,3.0,0.7484126984126984
015182,2024-04,30,86.0,8556.01,0.0,3.3160480324719446,0.18245981795844585,0.0,"GEORGIANA HEALTH AND REHABILITATION, LLC",AL,,,For profit - Corporation,Medicare and Medicaid,91.0,4.0,3.0,2.0,0.945054945054945
015182,2024-05,31,80.3225806451613,9156.84,0.0,3.6795251371264572,0.1523478058329967,0.0,"GEORGIANA HEALTH AND REHABILITATION, LLC",AL,,,For profit - Corporation,Medicare and Medicaid,91.0,4.0,3.0,2.0,0.8826657213753989
015182,2024-06,30,77.7,8696.24,0.0,3.7318614257261724,0.18509545137703365,0.0,"GEORGIANA HEALTH AND REHABILITATION, LLC",AL,,,For profit - Corporation,Medicare and Medicaid,91.0,4.0,3.0,2.0,0.8538461538461539
015183,2024-04,30,152.9,12543.43,0.0,2.7335291799259966,0.18466112579952915,0.0,NORTH MOBILE NURSING AND REHABILITATION CTR,AL,,,For profit - Individual,Medicare and Medicaid,172.0,2.0,3.0,5.0,0.8889534883720931
015183,2024-05,31,150.8709677419355,13893.02,0.0,2.9717499745333984,0.2611862774354351,0.0,NORTH MOBILE NURSING AND REHABILITATION CTR,AL,,,For profit - Individual,Medicare and Medicaid,172.0,2.0,3.0,5.0,0.8771567891972993
015183,2024-06,30,144.56666666666666,13738.77,0.0,3.168641311673193,0.29596483827399334,0.0,NORTH MOBILE NURSING AND REHABILITATION CTR,AL,,,For profit - Individual,Medicare and Medicaid,172.0,2.0,3.0,5.0,0.8405038759689922
015184,2024-04,30,129.93333333333334,11643.75,0.0,2.988960522734545,0.36119672083847126,0.0,CLOVERDALE REHABILITATION AND NURSING CENTER,AL,,,For profit - Corporation,Medicare and Medicaid,141.0,4.0,3.0,4.0,0.9215130023640662
015184,2024-05,31,129.7741935483871,12073.0,0.0,3.001097873849012,0.3850353171274131,0.0,CLOVERDALE REHABILITATION AND NURSING CENTER,AL,,,For profit - Corporation,Medicare and Medicaid,141.0,4.0,3.0,4.0,0.9203843514070007
015184,2024-06,30,127.66666666666667,11336.75,0.0,2.961370572328169,0.3488579497018579,0.0,CLOVERDALE REHABILITATION AND NURSING CENTER,AL,,,For profit - Corporation,Medicare and Medicaid,141.0,4.0,3.0,4.0,0.905437352245863
015186,2024-04,30,183.5,14284.59,0.0,2.595183210742481,0.4757725477604159,0.0,"GLEN HAVEN HEALTH AND REHABILITATION, LLC",AL,,,For profit - Corporation,Medicare and Medicaid,200.0,1.0,3.0,2.0,0.9175
015186,2024-05,31,178.09677419354838,13990.06,0.0,2.5347575244189433,0.4873697736816958,0.0,"GLEN HAVEN HEALTH AND REHABILITATION, LLC",AL,,,For profit - Corporation,Medicare and Medicaid,200.0,1.0,3.0,2.0,0.890483870967742
015186,2024-06,30,178.3,16673.63,0.0,3.118709222365796,0.5144427181381704,0.0,"GLEN HAVEN HEALTH AND REHABILITATION, LLC",AL,,,For profit - Corporation,Medicare and Medicaid,200.0,1.0,3.0,2.0,0.8915000000000001
015187,2024-04,30,66.33333333333333,5938.22,0.0,2.9846275730902594,0.4000795695183755,0.0,"MOUNDVILLE HEALTH AND REHABILITATION, LLC",AL,,,For profit - Corporation,Medicare and Medicaid,68.0,3.0,4.0,3.0,0.9754901960784313
015187,2024-05,31,66.06451612903226,6221.57,0.0,3.038269629100685,0.4664583402238816,0.0,"MOUNDVILLE HEALTH AND REHABILITATION, LLC",AL,,,For profit - Corporation,Medicare and Medicaid,68.0,3.0,4.0,3.0,0.9715370018975332
015187,2024-06,30,65.66666666666667,6090.97,0.0,3.0935152736468448,0.4486232925350874,0.0,"MOUNDVILLE HEALTH AND REHABILITATION, LLC",AL,,,For profit - Corporation,Medicare and Medicaid,68.0,3.0,4.0,3.0,0.965686274509804
015188,2024-04,30,85.16666666666667,8287.5,6.0,3.2437950952313566,0.5370072857959008,0.0006214267959234401,JACKSON HEALTH CARE FACILITY,AL,,,For profit - Corporation,Medicare and Medicaid,91.0,4.0,4.0,5.0,0.9358974358974359
015188,2024-05,31,83.58064516129032,8714.42,0.0,3.362228378399084,0.5337264441524932,0.0,JACKSON HEALTH CARE FACILITY,AL,,,For profit - Corporation,Medicare and Medicaid,91.0,4.0,4.0,5.0,0.9184686281460475
015188,2024-06,30,87.23333333333333,10028.5,0.0,3.8333355712178925,0.5521639953207977,0.0,JACKSON HEALTH CARE FACILITY,AL,,,For profit - Corporation,Medicare and Medicaid,91.0,4.0,4.0,5.0,0.9586080586080586
015189,2024-04,30,61.9,4420.97,8.65,2.3810879706910746,0.32927417394696445,0.0018142159021791563,DIVERSICARE OF PELL CITY,AL,,,For profit - Corporation,Medicare and Medicaid,94.0,2.0,1.0,3.0,0.6585106382978724
015189,2024-05,31,65.03225806451613,4217.0199999999995,110.61,2.095460284678962,0.30917064848690656,0.025169370608684526,DIVERSICARE OF PELL CITY,AL,,,For profit - Corporation,Medicare and Medicaid,94.0,2.0,1.0,3.0,0.6918325326012355
015189,2024-06,30,63.86666666666667,3904.4700000000003,144.06,2.038408965590019,0.31001780660705675,0.03622372613120583,DIVERSICARE OF PELL CITY,AL,,,For profit - Corporation,Medicare and Medicaid,94.0,2.0,1.0,3.0,0.6794326241134752
015191,2024-04,30,62.53333333333333,7381.5,7.5,3.9366220990055933,0.446696008216657,0.0008748906386701663,BROWN NURSING HOME,AL,,,For profit - Corporation,Medicare and Medicaid,68.0,4.0,4.0,2.0,0.9196078431372549
015191,2024-05,31,63.774193548387096,7728.0,18.5,3.9109358561073218,0.38449382509506735,0.0024147011270853834,BROWN NURSING HOME,AL,,,For profit - Corporation,Medicare and Medicaid,68.0,4.0,4.0,2.0,0.9378557874762808
015191,2024-06,30,64.3,7220.75,0.0,3.7446728503834854,0.2922723217318276,0.0,BROWN NURSING HOME,AL,,,For profit - Corporation,Medicare and Medicaid,68.0,4.0,4.0,2.0,0.9455882352941176
015192,2024-04,30,116.73333333333333,11950.52,524.62,3.4126194773699967,0.41935094341738666,0.044012143394358424,"ARBOR SPRINGS HEALTH AND REHAB CENTER, LTD",AL,,,For profit - Partnership,Medicare and Medicaid,225.0,3.0,4.0,5.0,0.5188148148148148
015192,2024-05,31,122.7741935483871,13160.07,511.63,3.4576666906823808,0.4543874564219779,0.03887695617757846,"ARBOR SPRINGS HEALTH AND REHAB CENTER, LTD",AL,,,For profit - Partnership,Medicare and Medicaid,225.0,3.0,4.0,5.0,0.545663082437276
015192,2024-06,30,125.63333333333334,12149.39,1048.3,3.2246357610063425,0.3773294972254862,0.08573669532597454,"ARBOR SPRINGS HEALTH AND REHAB CENTER, LTD",AL,,,For profit - Partnership,Medicare and Medicaid,225.0,3.0,4.0,5.0,0.5583703703703704
015193,2024-04,30,81.93333333333334,10103.18,0.0,4.115129209839878,0.17641620971888425,0.0,CROWNE HEALTH CARE OF GREENVILLE,AL,,,For profit - Corporation,Medicare and Medicaid,118.0,3.0,4.0,3.0,0.6943502824858757
015193,2024-05,31,80.35483870967742,10476.33,0.0,4.207345362792053,0.1605285089725943,0.0,CROWNE HEALTH CARE OF GREENVILLE,AL,,,For profit - Corporation,Medicare and Medicaid,118.0,3.0,4.0,3.0,0.6809732094040459
015193,2024-06,30,83.6,10605.09,0.0,4.230422532833087,0.1884264375576444,0.0,CROWNE HEALTH CARE OF GREENVILLE,AL,,,For profit - Corporation,Medicare and Medicaid,118.0,3.0,4.0,3.0,0.7084745762711864
015194,2024-04,30,80.36666666666666,9421.17,0.0,3.9144887652153817,0.16951539516902533,0.0,PIEDMONT HEALTH CARE CENTER,AL,,,Government - City,Medicare and Medicaid,91.0,5.0,4.0,5.0,0.8831501831501831
015194,2024-05,31,82.25806451612904,9723.67,76.25,3.816049058111636,0.19718474892496926,0.008284159328461086,PIEDMONT HEALTH CARE CENTER,AL,,,Government - City,Medicare and Medicaid,91.0,5.0,4.0,5.0,0.903934774902517
015194,2024-06,30,81.4,9367.97,240.5,3.8392869343786757,0.30005458867640145,0.025880838163288015,PIEDMONT HEALTH CARE CENTER,AL,,,Government - City,Medicare and Medicaid,91.0,5.0,4.0,5.0,0.8945054945054945
015195,2024-04,30,126.96666666666667,13756.5,0.0,3.609731001525917,0.3229256864104391,0.0,VILLAGE AT COOK SPRINGS SKILLED NURSING FACILITY,AL,,,Non profit - Corporation,Medicare and Medicaid,168.0,1.0,3.0,2.0,0.7557539682539682
015195,2024-05,31,124.25806451612904,14054.25,0.0,3.658387445085663,0.446315062986375,0.0,VILLAGE AT COOK SPRINGS SKILLED NURSING FACILITY,AL,,,Non profit - Corporation,Medicare and Medicaid,168.0,1.0,3.0,2.0,0.73963133640553
015195,2024-06,30,123.16666666666667,13941.0,0.0,3.7744268054302785,0.4698550928162624,0.0,VILLAGE AT COOK SPRINGS SKILLED NURSING FACILITY,AL,,,Non profit - Corporation,Medicare and Medicaid,168.0,1.0,3.0,2.0,0.7331349206349207
015196,2024-04,30,82.66666666666667,6335.48,0.0,2.5550953128067215,0.20460180172459708,0.0,DIVERSICARE OF LANETT,AL,,,For profit - Corporation,Medicare and Medicaid,85.0,5.0,3.0,5.0,0.9725490196078432
015196,2024-05,31,82.6774193548387,6872.13,0.0,2.6812564750612187,0.20665451117973324,0.0,DIVERSICARE OF LANETT,AL,,,For profit - Corporation,Medicare and Medicaid,85.0,5.0,3.0,5.0,0.9726755218216319
015196,2024-06,30,81.23333333333333,7235.67,0.0,2.9702340832682,0.19096353963548826,0.0,DIVERSICARE OF LANETT,AL,,,For profit - Corporation,Medicare and Medicaid,85.0,5.0,3.0,5.0,0.9556862745098039
015197,2024-04,30,59.2,6280.75,0.0,3.5368803089193572,0.23575797315984964,0.0,LAFAYETTE EXTENDED CARE,AL,,,For profit - Corporation,Medicare and Medicaid,69.0,4.0,3.0,3.0,0.8579710144927537
015197,2024-05,31,54.29032258064516,6542.5,0.0,3.8894796886211185,0.28278855537716147,0.0,LAFAYETTE EXTENDED CARE,AL,,,For profit - Corporation,Medicare and Medicaid,69.0,4.0,3.0,3.0,0.7868162692847125
015197,2024-06,30,55.9,6605.0,0.0,3.9400554824213945,0.2709172291513128,0.0,LAFAYETTE EXTENDED CARE,AL,,,For profit - Corporation,Medicare and Medicaid,69.0,4.0,3.0,3.0,0.8101449275362319
015199,2024-04,30,163.66666666666666,16977.75,0.0,3.458629906371266,0.3234160974499023,0.0,CROWNE HEALTH CARE OF EUFAULA,AL,,,For profit - Corporation,Medicare and Medicaid,180.0,3.0,4.0,3.0,0.9092592592592592
015199,2024-05,31,159.09677419354838,18223.0,0.0,3.6962173781112533,0.3273475424498755,0.0,CROWNE HEALTH CARE OF EUFAULA,AL,,,For profit - Corporation,Medicare and Medicaid,180.0,3.0,4.0,3.0,0.8838709677419355
015199,2024-06,30,150.7,17200.25,0.0,3.80407033589393,0.3491742668500326,0.0,CROWNE HEALTH CARE OF EUFAULA,AL,,,For profit - Corporation,Medicare and Medicaid,180.0,3.0,4.0,3.0,0.8372222222222222
015200,2024-04,30,169.4,20588.53,0.0,4.051355138320031,0.4827466326160609,0.0,CHEROKEE COUNTY HEALTH AND REHABILITATION CENTER,AL,,,Government - County,Medicare and Medicaid,185.0,4.0,4.0,2.0,0.9156756756756758
015200,2024-05,31,167.0,20585.04,0.0,3.9772308085550443,0.4835263174602818,0.0,CHEROKEE COUNTY HEALTH AND REHABILITATION CENTER,AL,,,Government - County,Medicare and Medicaid,185.0,4.0,4.0,2.0,0.9027027027027027
015200,2024-06,30,170.56666666666666,20318.68,0.0,3.970055416350342,0.45464595353405024,0.0,CHEROKEE COUNTY HEALTH AND REHABILITATION CENTER,AL,,,Government - County,Medicare and Medicaid,185.0,4.0,4.0,2.0,0.921981981981982
015201,2024-04,30,57.93333333333333,5268.25,0.0,3.0354323996953934,0.5969176333928929,0.0,"GENERATIONS OF RED BAY, LLC",AL,,,For profit - Corporation,Medicare and Medicaid,90.0,1.0,2.0,4.0,0.6437037037037037
015201,2024-05,31,59.96774193548387,5644.75,0.0,3.039974535628331,0.5491099137351526,0.0,"GENERATIONS OF RED BAY, LLC",AL,,,For profit - Corporation,Medicare and Medicaid,90.0,1.0,2.0,4.0,0.6663082437275986
015201,2024-06,30,57.0,5463.75,0.0,3.1958210190549567,0.5568019285429143,0.0,"GENERATIONS OF RED BAY, LLC",AL,,,For profit - Corporation,Medicare and Medicaid,90.0,1.0,2.0,4.0,0.6333333333333333
015202,2024-04,30,168.83333333333334,14556.25,0.0,2.874615394009851,0.21846081619856506,0.0,MCGUFFEY HEALTH & REHABILITATION CENTER,AL,,,For profit - Corporation,Medicare and Medicaid,209.0,4.0,3.0,2.0,0.8078149920255184
015202,2024-05,31,170.48387096774192,16441.25,0.0,3.111868917236488,0.31682751814718585,0.0,MCGUFFEY HEALTH & REHABILITATION CENTER,AL,,,For profit - Corporation,Medicare and Medicaid,209.0,4.0,3.0,2.0,0.8157123012810619
015202,2024-06,30,173.96666666666667,15529.5,0.0,2.976249890062732,0.3004604525741405,0.0,MCGUFFEY HEALTH & REHABILITATION CENTER,AL,,,For profit - Corporation,Medicare and Medicaid,209.0,4.0,3.0,2.0,0.8323763955342903
015203,2024-04,30,105.7,13035.58,0.0,4.111237915300489,0.5610937251019231,0.0,ATTALLA HEALTH AND REHAB,AL,,,For profit - Corporation,Medicare and Medicaid,182.0,1.0,4.0,2.0,0.5807692307692308
015203,2024-05,31,102.51612903225806,12428.210000000001,0.0,3.910517196423863,0.5911914193360548,0.0,ATTALLA HEALTH AND REHAB,AL,,,For profit - Corporation,Medicare and Medicaid,182.0,1.0,4.0,2.0,0.5632754342431762
015203,2024-06,30,105.43333333333334,11867.02,0.0,3.7530786138762386,0.5174413601685555,0.0,ATTALLA HEALTH AND REHAB,AL,,,For profit - Corporation,Medicare and Medicaid,182.0,1.0,4.0,2.0,0.5793040293040294
015204,2024-04,30,61.1,7763.5,0.0,4.239433193310368,0.27218921793526973,0.0,GOODWATER HEALTHCARE CENTER,AL,,,For profit - Corporation,Medicare and Medicaid,72.0,5.0,3.0,2.0,0.8486111111111111
015204,2024-05,31,58.87096774193548,8017.75,0.0,4.394338628204058,0.2525787890050913,0.0,GOODWATER HEALTHCARE CENTER,AL,,,For profit - Corporation,Medicare and Medicaid,72.0,5.0,3.0,2.0,0.8176523297491038
015204,2024-06,30,56.93333333333333,7909.75,0.0,4.625869763693367,0.1995121179285372,0.0,GOODWATER HEALTHCARE CENTER,AL,,,For profit - Corporation,Medicare and Medicaid,72.0,5.0,3.0,2.0,0.7907407407407407
015206,2024-04,30,90.93333333333334,7208.75,0.0,2.6488408013154756,0.1339147422183452,0.0,DECATUR HEALTH & REHAB CENTER,AL,,,For profit - Limited Liability company,Medicare and Medicaid,119.0,3.0,2.0,4.0,0.7641456582633054
015206,2024-05,31,93.38709677419355,7770.5,0.0,2.690533310393581,0.11948568474145922,0.0,DECATUR HEALTH & REHAB CENTER,AL,,,For profit - Limited Liability company,Medicare and Medicaid,119.0,3.0,2.0,4.0,0.7847655191108702
015206,2024-06,30,99.4,8111.75,0.0,2.7210062295913304,0.15102383596375754,0.0,DECATUR HEALTH & REHAB CENTER,AL,,,For profit - Limited Liability company,Medicare and Medicaid,119.0,3.0,2.0,4.0,0.8352941176470589
015207,2024-04,30,157.16666666666666,20492.92,0.0,4.347636271917866,0.4614538245188095,0.0,COLLINSVILLE HEALTHCARE & REHAB,AL,,,For profit - Corporation,Medicare and Medicaid,200.0,3.0,4.0,2.0,0.7858333333333333
015207,2024-05,31,157.4516129032258,21268.8,0.0,4.35960285858614,0.46371846099201264,0.0,COLLINSVILLE HEALTHCARE & REHAB,AL,,,For profit - Corporation,Medicare and Medicaid,200.0,3.0,4.0,2.0,0.787258064516129
015207,2024-06,30,160.06666666666666,21240.03,0.0,4.42441963863209,0.47819146195950435,0.0,COLLINSVILLE HEALTHCARE & REHAB,AL,,,For profit - Corporation,Medicare and Medicaid,200.0,3.0,4.0,2.0,0.8003333333333333
015208,2024-04,30,142.0,14531.82,0.0,3.411586530972594,0.38821092667647944,0.0,"OZARK HEALTH AND REHABILITATION, LLC",AL,,,For profit - Limited Liability company,Medicare and Medicaid,149.0,5.0,4.0,5.0,0.9530201342281879
015208,2024-05,31,135.7741935483871,14956.2,0.0,3.5558335461192705,0.3640850887817129,0.0,"OZARK HEALTH AND REHABILITATION, LLC",AL,,,For profit - Limited Liability company,Medicare and Medicaid,149.0,5.0,4.0,5.0,0.9112361983113229
015208,2024-06,30,140.16666666666666,14762.71,0.0,3.511519864004077,0.36341183739640887,0.0,"OZARK HEALTH AND REHABILITATION, LLC",AL,,,For profit - Limited Liability company,Medicare and Medicaid,149.0,5.0,4.0,5.0,0.9407158836689037
015209,2024-04,30,136.73333333333332,11239.47,0.0,2.7414917630238356,0.2543455353646984,0.0,DIVERSICARE OF BESSEMER,AL,,,For profit - Corporation,Medicare and Medicaid,180.0,1.0,3.0,4.0,0.7596296296296295
015209,2024-05,31,136.80645161290323,12250.1,0.0,2.8890615861470597,0.24037210809762832,0.0,DIVERSICARE OF BESSEMER,AL,,,For profit - Corporation,Medicare and Medicaid,180.0,1.0,3.0,4.0,0.7600358422939069
015209,2024-06,30,136.43333333333334,12103.39,0.0,2.9573335602627058,0.24765454871499384,0.0,DIVERSICARE OF BESSEMER,AL,,,For profit - Corporation,Medicare and Medicaid,180.0,1.0,3.0,4.0,0.757962962962963
015210,2024-04,30,157.6,15128.16,0.0,3.2009881112527623,0.21997952012962083,0.0,"OPP HEALTH AND REHABILITATION, LLC",AL,,,For profit - Corporation,Medicare and Medicaid,197.0,2.0,2.0,1.0,0.7999999999999999
015210,2024-05,31,160.41935483870967,14764.58,0.0,2.967294859892364,0.2599834856880495,0.0,"OPP HEALTH AND REHABILITATION, LLC",AL,,,For profit - Corporation,Medicare and Medicaid,197.0,2.0,2.0,1.0,0.814311445881775
015210,2024-06,30,163.73333333333332,14358.78,0.0,2.925278491472665,0.2611754248558464,0.0,"OPP HEALTH AND REHABILITATION, LLC",AL,,,For profit - Corporation,Medicare and Medicaid,197.0,2.0,2.0,1.0,0.8311336717428087
015211,2024-04,30,117.86666666666666,11932.28,0.0,3.3745140497215687,0.5194349131107895,0.0,TWIN OAKS REHABILITATION AND HEALTHCARE CENTER,AL,,,For profit - Corporation,Medicare and Medicaid,131.0,3.0,3.0,3.0,0.8997455470737913
015211,2024-05,31,118.51612903225806,12662.09,0.0,3.4458857899210753,0.5074624567906111,0.0,TWIN OAKS REHABILITATION AND HEALTHCARE CENTER,AL,,,For profit - Corporation,Medicare and Medicaid,131.0,3.0,3.0,3.0,0.904703275055405
015211,2024-06,30,119.36666666666666,11809.38,0.0,3.297078860187094,0.42519615527094795,0.0,TWIN OAKS REHABILITATION AND HEALTHCARE CENTER,AL,,,For profit - Corporation,Medicare and Medicaid,131.0,3.0,3.0,3.0,0.9111959287531806
015212,2024-04,30,75.46666666666667,9509.16,0.0,4.203522457043017,0.3024381240177917,0.0,SELF SKILLED NURSING & REHAB,AL,,,For profit - Corporation,Medicare and Medicaid,131.0,1.0,4.0,2.0,0.5760814249363868
015212,2024-05,31,78.29032258064517,10313.97,0.0,4.251446194301713,0.3214359020501511,0.0,SELF SKILLED NURSING & REHAB,AL,,,For profit - Corporation,Medicare and Medicaid,131.0,1.0,4.0,2.0,0.5976360502339326
015212,2024-06,30,77.26666666666667,10200.27,0.0,4.399565508583688,0.3550331354638034,0.0,SELF SKILLED NURSING & REHAB,AL,,,For profit - Corporation,Medicare and Medicaid,131.0,1.0,4.0,2.0,0.5898218829516539
015213,2024-04,30,107.2,13347.5,0.0,4.14978704450477,0.5180873375795337,0.0,TROY HEALTH & REHABILITATION CENTER,AL,,,For profit - Corporation,Medicare and Medicaid,220.0,1.0,4.0,1.0,0.4872727272727273
015213,2024-05,31,107.25806451612904,14097.5,0.0,4.239267577834904,0.528194589675059,0.0,TROY HEALTH & REHABILITATION CENTER,AL,,,For profit - Corporation,Medicare and Medicaid,220.0,1.0,4.0,1.0,0.4875366568914956
015213,2024-06,30,104.8,13646.25,0.0,4.3395744967603065,0.569661207307351,0.0,TROY HEALTH & REHABILITATION CENTER,AL,,,For profit - Corporation,Medicare and Medicaid,220.0,1.0,4.0,1.0,0.4763636363636364
015214,2024-04,30,72.16666666666667,7510.0,283.75,3.468994894011168,0.3886735718882306,0.038481759607971726,MADISON MANOR NURSING HOME,AL,,,For profit - Corporation,Medicare and Medicaid,80.0,3.0,4.0,2.0,0.9020833333333333
015214,2024-05,31,71.06451612903226,7717.0,249.5,3.5041240101496527,0.47642233417980107,0.033185662201653414,MADISON MANOR NURSING HOME,AL,,,For profit - Corporation,Medicare and Medicaid,80.0,3.0,4.0,2.0,0.8883064516129032
015214,2024-06,30,69.63333333333334,7720.75,158.75,3.6952467218771567,0.6786459578728409,0.02163492047213098,MADISON MANOR NURSING HOME,AL,,,For profit - Corporation,Medicare and Medicaid,80.0,3.0,4.0,2.0,0.8704166666666667
015215,2024-04,30,112.53333333333333,9905.5,0.0,2.9329527329712497,0.44611107482154166,0.0,BIBB MEDICAL CENTER NURSING HOME,AL,,,Government - County,Medicare and Medicaid,131.0,1.0,4.0,3.0,0.8590330788804071
015215,2024-05,31,112.48387096774194,10601.0,0.0,3.03966306428993,0.44428007010458437,0.0,BIBB MEDICAL CENTER NURSING HOME,AL,,,Government - County,Medicare and Medicaid,131.0,1.0,4.0,3.0,0.8586555035705491
015215,2024-06,30,112.7,10592.75,0.0,3.1334535388107105,0.4503812421070007,0.0,BIBB MEDICAL CENTER NURSING HOME,AL,,,Government - County,Medicare and Medicaid,131.0,1.0,4.0,3.0,0.8603053435114504
015216,2024-04,30,106.93333333333334,10070.0,172.0,3.1393781495498065,0.44753041531930804,0.018084279326215293,OAKVIEW MANOR HEALTH CARE CENTER,AL,,,Non profit - Corporation,Medicare and Medicaid,138.0,3.0,3.0,3.0,0.7748792270531402
015216,2024-05,31,108.29032258064517,10663.0,130.75,3.1767599284403873,0.4284202124978235,0.012253974212506926,OAKVIEW MANOR HEALTH CARE CENTER,AL,,,Non profit - Corporation,Medicare and Medicaid,138.0,3.0,3.0,3.0,0.7847124824684433
015216,2024-06,30,105.83333333333333,10441.25,196.5,3.2890302989824365,0.4081255602212428,0.020582511061498533,OAKVIEW MANOR HEALTH CARE CENTER,AL,,,Non profit - Corporation,Medicare and Medicaid,138.0,3.0,3.0,3.0,0.7669082125603864
015217,2024-04,30,118.83333333333333,11452.58,0.0,3.213112528528268,0.18103835320478118,0.0,BIRMINGHAM NURSING AND REHABILITATION CTR LLC,AL,,,For profit - Limited Liability company,Medicare and Medicaid,132.0,2.0,3.0,5.0,0.9002525252525252
015217,2024-05,31,115.74193548387096,12724.51,0.0,3.547863743946677,0.16873641756900334,0.0,BIRMINGHAM NURSING AND REHABILITATION CTR LLC,AL,,,For profit - Limited Liability company,Medicare and Medicaid,132.0,2.0,3.0,5.0,0.8768328445747801
015217,2024-06,30,110.66666666666667,12175.42,0.0,3.6715024164292323,0.1783399807677969,0.0,BIRMINGHAM NURSING AND REHABILITATION CTR LLC,AL,,,For profit - Limited Liability company,Medicare and Medicaid,132.0,2.0,3.0,5.0,0.8383838383838385
015220,2024-04,30,78.7,6921.0,323.0,2.931606316942551,0.13082018148869415,0.04760490321516451,CROWNE HEALTH CARE OF THOMASVILLE,AL,,,For profit - Corporation,Medicare and Medicaid,80.0,5.0,3.0,2.0,0.98375
015220,2024-05,31,77.58064516129032,7109.5,340.25,2.95623403964886,0.1288445844198998,0.048180705072262554,CROWNE HEALTH CARE OF THOMASVILLE,AL,,,For profit - Corporation,Medicare and Medicaid,80.0,5.0,3.0,2.0,0.969758064516129
015220,2024-06,30,76.5,6802.75,381.0,2.964819207503418,0.11709321155373788,0.056561813689566774,CROWNE HEALTH CARE OF THOMASVILLE,AL,,,For profit - Corporation,Medicare and Medicaid,80.0,5.0,3.0,2.0,0.95625
015221,2024-04,30,146.63333333333333,16178.5,0.0,3.6788159429551914,0.413152445825619,0.0,"CHAPMAN HEALTHCARE CENTER, INC",AL,,,For profit - Corporation,Medicare and Medicaid,188.0,2.0,3.0,1.0,0.7799645390070922
015221,2024-05,31,143.03225806451613,16383.5,0.0,3.697110475980419,0.3810612381814149,0.0,"CHAPMAN HEALTHCARE CENTER, INC",AL,,,For profit - Corporation,Medicare and Medicaid,188.0,2.0,3.0,1.0,0.7608098833218943
015221,2024-06,30,145.36666666666667,15124.75,0.0,3.4686797283011703,0.3571763186957664,0.0,"CHAPMAN HEALTHCARE CENTER, INC",AL,,,For profit - Corporation,Medicare and Medicaid,188.0,2.0,3.0,1.0,0.77322695035461
015222,2024-04,30,76.56666666666666,7829.25,0.0,3.4100724013957278,0.37232453373467694,0.0,FAIRHOPE HEALTH & REHAB,AL,,,Non profit - Corporation,Medicare and Medicaid,131.0,2.0,4.0,2.0,0.5844783715012722
015222,2024-05,31,77.93548387096774,8749.75,0.0,3.6232036512501415,0.46891400312023124,0.0,FAIRHOPE HEALTH & REHAB,AL,,,Non profit - Corporation,Medicare and Medicaid,131.0,2.0,4.0,2.0,0.5949273577936469
015222,2024-06,30,77.26666666666667,8087.25,0.0,3.492888265459678,0.3827447771740326,0.0,FAIRHOPE HEALTH & REHAB,AL,,,Non profit - Corporation,Medicare and Medicaid,131.0,2.0,4.0,2.0,0.5898218829516539
015223,2024-04,30,89.53333333333333,7772.75,62.75,2.9045402348250047,0.16687540926746453,0.007653431925153544,NORTHSIDE HEALTH CARE,AL,,,For profit - Corporation,Medicare and Medicaid,115.0,2.0,3.0,4.0,0.7785507246376812
015223,2024-05,31,97.6774193548387,7732.0,0.0,2.5549270709145544,0.1902308709009522,0.0,NORTHSIDE HEALTH CARE,AL,,,For profit - Corporation,Medicare and Medicaid,115.0,2.0,3.0,4.0,0.8493688639551191
015223,2024-06,30,96.86666666666666,7147.25,0.0,2.4601432672693675,0.1811873134168475,0.0,NORTHSIDE HEALTH CARE,AL,,,For profit - Corporation,Medicare and Medicaid,115.0,2.0,3.0,4.0,0.8423188405797101
015225,2024-04,30,107.26666666666667,10465.52,0.0,3.2521451782612947,0.4350967735913974,0.0,BARFIELD HEALTH CARE,AL,,,For profit - Corporation,Medicare and Medicaid,113.0,5.0,4.0,2.0,0.9492625368731563
015225,2024-05,31,107.61290322580645,10338.41,0.0,3.0995063422983313,0.35617758453579584,0.0,BARFIELD HEALTH CARE,AL,,,For profit - Corporation,Medicare and Medicaid,113.0,5.0,4.0,2.0,0.9523265772195261
015225,2024-06,30,107.73333333333333,9640.710000000001,0.0,2.9838059945204822,0.38002786989941106,0.0,BARFIELD HEALTH CARE,AL,,,For profit - Corporation,Medicare and Medicaid,113.0,5.0,4.0,2.0,0.9533923303834808
015228,2024-04,30,88.0,7039.06,0.0,2.670002835707705,0.2917162656669384,0.0,ARABELLA HEALTH AND WELLNESS OF MONTGOMERY,AL,,,For profit - Individual,Medicare and Medicaid,121.0,1.0,2.0,3.0,0.7272727272727273
015228,2024-05,31,86.06451612903226,8754.05,0.0,3.282573373549295,0.3316074611016992,0.0,ARABELLA HEALTH AND WELLNESS OF MONTGOMERY,AL,,,For profit - Individual,Medicare and Medicaid,121.0,1.0,2.0,3.0,0.7112769928019195
015228,2024-06,30,85.2,8866.03,0.0,3.4700752724227937,0.4352642553133847,0.0,ARABELLA HEALTH AND WELLNESS OF MONTGOMERY,AL,,,For profit - Individual,Medicare and Medicaid,121.0,1.0,2.0,3.0,0.7041322314049587
015303,2024-04,30,79.13333333333334,6047.82,0.0,2.5481519114832007,0.2603974992833043,0.0,ARABELLA HEALTH & WELLNESS OF BIRMINGHAM,AL,,,For profit - Individual,Medicare and Medicaid,163.0,2.0,2.0,4.0,0.48548057259713706
015303,2024-05,31,76.29032258064517,6269.3,0.0,2.653629878637276,0.3337898143978336,0.0,ARABELLA HEALTH & WELLNESS OF BIRMINGHAM,AL,,,For profit - Individual,Medicare and Medicaid,163.0,2.0,2.0,4.0,0.4680387888383139
015303,2024-06,30,73.7,5631.45,0.0,2.5461851277910528,0.2960719325789736,0.0,ARABELLA HEALTH & WELLNESS OF BIRMINGHAM,AL,,,For profit - Individual,Medicare and Medicaid,163.0,2.0,2.0,4.0,0.4521472392638037
015315,2024-04,30,58.266666666666666,4807.78,161.25,2.7515739907788475,0.671486574098525,0.03211557785870585,"RIDGEWOOD HEALTH SERVICES, INC.",AL,,,For profit - Individual,Medicare and Medicaid,98.0,4.0,4.0,2.0,0.5945578231292517
015315,2024-05,31,58.806451612903224,5237.49,176.5,2.8726925039174698,0.5648146045117151,0.03271544523985136,"RIDGEWOOD HEALTH SERVICES, INC.",AL,,,For profit - Individual,Medicare and Medicaid,98.0,4.0,4.0,2.0,0.6000658327847268
015315,2024-06,30,59.86666666666667,5451.03,126.5,3.038178777954549,0.6664028483210152,0.02226968062727886,"RIDGEWOOD HEALTH SERVICES, INC.",AL,,,For profit - Individual,Medicare and Medicaid,98.0,4.0,4.0,2.0,0.6108843537414966
015320,2024-04,30,156.36666666666667,18567.27,0.0,3.9594566458609965,0.43415135007437494,0.0,ENTERPRISE HEALTH & REHABILITATION CENTER,AL,,,For profit - Corporation,Medicare and Medicaid,257.0,2.0,4.0,4.0,0.6084306095979248
015320,2024-05,31,156.16129032258064,19489.72,0.0,4.026975205969143,0.43417525951196884,0.0,ENTERPRISE HEALTH & REHABILITATION CENTER,AL,,,For profit - Corporation,Medicare and Medicaid,257.0,2.0,4.0,4.0,0.6076314798543994
015320,2024-06,30,154.26666666666668,18409.75,0.0,3.978169785157291,0.41069419680867497,0.0,ENTERPRISE HEALTH & REHABILITATION CENTER,AL,,,For profit - Corporation,Medicare and Medicaid,257.0,2.0,4.0,4.0,0.6002594033722439
015321,2024-04,30,94.96666666666667,6884.650000000001,0.0,2.419095058827556,0.26838814541191636,0.0,"SOUTH HAVEN HEALTH AND REHABILITATION, LLC",AL,,,For profit - Individual,Medicare and Medicaid,101.0,2.0,3.0,2.0,0.9402640264026403
015321,2024-05,31,91.12903225806451,6521.88,0.0,2.3091040053261596,0.33181908560024775,0.0,"SOUTH HAVEN HEALTH AND REHABILITATION, LLC",AL,,,For profit - Individual,Medicare and Medicaid,101.0,2.0,3.0,2.0,0.9022676461194507
015321,2024-06,30,94.03333333333333,6541.6900000000005,0.0,2.3203633519524876,0.32800535609791875,0.0,"SOUTH HAVEN HEALTH AND REHABILITATION, LLC",AL,,,For profit - Individual,Medicare and Medicaid,101.0,2.0,3.0,2.0,0.931023102310231
015322,2024-04,30,73.3,10680.5,0.0,4.858579896090234,0.6117435285225366,0.0,ENGLEWOOD HEALTH CARE CENTER,AL,,,For profit - Corporation,Medicare and Medicaid,87.0,5.0,5.0,3.0,0.8425287356321839
015322,2024-05,31,74.06451612903226,11036.5,0.0,4.8097671698954745,0.5740802743481705,0.0,ENGLEWOOD HEALTH CARE CENTER,AL,,,For profit - Corporation,Medicare and Medicaid,87.0,5.0,5.0,3.0,0.8513162773451983
015322,2024-06,30,70.33333333333333,10196.75,0.0,4.834063932423164,0.47335184006370057,0.0,ENGLEWOOD HEALTH CARE CENTER,AL,,,For profit - Corporation,Medicare and Medicaid,87.0,5.0,5.0,3.0,0.8084291187739463
015326,2024-04,30,147.3,12788.89,0.0,2.8975710493254208,0.4881686516480116,0.0,"PARK MANOR HEALTH AND REHABILITATION, LLC",AL,,,For profit - Limited Liability company,Medicare and Medicaid,152.0,2.0,3.0,2.0,0.9690789473684212
015326,2024-05,31,144.0,13270.09,0.0,2.9733886205918094,0.5101476931508415,0.0,"PARK MANOR HEALTH AND REHABILITATION, LLC",AL,,,For profit - Limited Liability company,Medicare and Medicaid,152.0,2.0,3.0,2.0,0.9473684210526315
015326,2024-06,30,144.93333333333334,13136.93,0.0,3.0235348933985478,0.452083557334677,0.0,"PARK MANOR HEALTH AND REHABILITATION, LLC",AL,,,For profit - Limited Liability company,Medicare and Medicaid,152.0,2.0,3.0,2.0,0.9535087719298246
015330,2024-04,30,52.666666666666664,7863.0,0.0,4.980798967170591,0.609627710004606,0.0,MARENGO NURSING HOME,AL,,,Non profit - Other,Medicare and Medicaid,78.0,5.0,5.0,4.0,0.6752136752136751
015330,2024-05,31,54.806451612903224,8285.25,0.0,4.8740777642624,0.5796849671425224,0.0,MARENGO NURSING HOME,AL,,,Non profit - Other,Medicare and Medicaid,78.0,5.0,5.0,4.0,0.7026468155500414
015330,2024-06,30,57.0,7761.5,0.0,4.537190377393021,0.5776493902420938,0.0,MARENGO NURSING HOME,AL,,,Non profit - Other,Medicare and Medicaid,78.0,5.0,5.0,4.0,0.7307692307692307
015331,2024-04,30,85.4,7461.7,0.0,2.913077299018634,0.2959476218072757,0.0,ARABELLA HEALTH & WELLNESS OF PHENIX CITY,AL,,,For profit - Corporation,Medicare and Medicaid,86.0,3.0,2.0,3.0,0.9930232558139536
015331,2024-05,31,81.90322580645162,7655.14,0.0,3.0146528765876925,0.3045574008000624,0.0,ARABELLA HEALTH & WELLNESS OF PHENIX CITY,AL,,,For profit - Corporation,Medicare and Medicaid,86.0,3.0,2.0,3.0,0.9523630907726932
015331,2024-06,30,82.8,7734.11,0.0,3.118572381842594,0.28819828754300303,0.0,ARABELLA HEALTH & WELLNESS OF PHENIX CITY,AL,,,For profit - Corporation,Medicare and Medicaid,86.0,3.0,2.0,3.0,0.9627906976744186
015336,2024-04,30,136.13333333333333,13929.77,0.0,3.4096905136628353,0.20505407839990583,0.0,"LUVERNE HEALTH AND REHABILITATION, LLC",AL,,,For profit - Corporation,Medicare and Medicaid,151.0,3.0,3.0,1.0,0.9015452538631346
015336,2024-05,31,141.38709677419354,14903.23,0.0,3.4012571754297625,0.1991012202926788,0.0,"LUVERNE HEALTH AND REHABILITATION, LLC",AL,,,For profit - Corporation,Medicare and Medicaid,151.0,3.0,3.0,1.0,0.9363383892330698
015336,2024-06,30,141.13333333333333,14130.42,0.0,3.3389987959830054,0.17801887230634147,0.0,"LUVERNE HEALTH AND REHABILITATION, LLC",AL,,,For profit - Corporation,Medicare and Medicaid,151.0,3.0,3.0,1.0,0.9346578366445916
015369,2024-04,30,121.23333333333333,12529.0,0.0,3.444162488501109,0.4381372006066775,0.0,OAKS ON PARKWOOD SKILLED NURSING FACILITY,AL,,,Non profit - Corporation,Medicare and Medicaid,130.0,1.0,4.0,2.0,0.9325641025641026
015369,2024-05,31,119.93548387096774,13491.5,0.0,3.631878226804062,0.5090221914521523,0.0,OAKS ON PARKWOOD SKILLED NURSING FACILITY,AL,,,Non profit - Corporation,Medicare and Medicaid,130.0,1.0,4.0,2.0,0.9225806451612903
015369,2024-06,30,123.46666666666667,13350.75,0.0,3.604489176886332,0.5034942442569263,0.0,OAKS ON PARKWOOD SKILLED NURSING FACILITY,AL,,,Non profit - Corporation,Medicare and Medicaid,130.0,1.0,4.0,2.0,0.9497435897435897
015371,2024-04,30,143.16666666666666,14961.5,0.0,3.4834910964932653,0.25324122822473977,0.0,HERITAGE HEALTH CARE & REHAB INC,AL,,,For profit - Corporation,Medicare and Medicaid,216.0,3.0,3.0,3.0,0.6628086419753086
015371,2024-05,31,146.48387096774192,15850.25,0.0,3.4906936262713546,0.2534431142718756,0.0,HERITAGE HEALTH CARE & REHAB INC,AL,,,For profit - Corporation,Medicare and Medicaid,216.0,3.0,3.0,3.0,0.6781660692951015
015371,2024-06,30,147.46666666666667,15998.0,0.0,3.6160891081330178,0.25800159695732267,0.0,HERITAGE HEALTH CARE & REHAB INC,AL,,,For profit - Corporation,Medicare and Medicaid,216.0,3.0,3.0,3.0,0.682716049382716
015372,2024-04,30,83.66666666666667,11954.81,491.48,4.7691800995506775,0.37903115364363044,0.04194658699399793,REGENCY HEALTH CARE AND REHABILITATION CENTER,AL,,,For profit - Corporation,Medicare and Medicaid,90.0,4.0,3.0,5.0,0.9296296296296297
015372,2024-05,31,85.54838709677419,11549.68,422.17,4.355185454983458,0.32653112967505504,0.0382998340233309,REGENCY HEALTH CARE AND REHABILITATION CENTER,AL,,,For profit - Corporation,Medicare and Medicaid,90.0,4.0,3.0,5.0,0.9505376344086022
015372,2024-06,30,81.2,11030.88,361.23,4.528574164817666,0.34092863442634275,0.033400403301145756,REGENCY HEALTH CARE AND REHABILITATION CENTER,AL,,,For profit - Corporation,Medicare and Medicaid,90.0,4.0,3.0,5.0,0.9022222222222223
015373,2024-04,30,85.73333333333333,12176.25,415.0,4.733442602114355,0.4317976607911274,0.03380643641886983,HENRY COUNTY HEALTH AND REHABILITATION FACILITY,AL,,,Government - County,Medicare and Medicaid,142.0,4.0,5.0,3.0,0.603755868544601
015373,2024-05,31,82.3225806451613,12506.25,421.25,4.903802882738084,0.4774148376370038,0.03293911609796608,HENRY COUNTY HEALTH AND REHABILITATION FACILITY,AL,,,Government - County,Medicare and Medicaid,142.0,4.0,5.0,3.0,0.5797364834166289
015373,2024-06,30,82.03333333333333,12116.75,504.25,4.9215306230730125,0.4685276790799797,0.04119020035050484,HENRY COUNTY HEALTH AND REHABILITATION FACILITY,AL,,,Government - County,Medicare and Medicaid,142.0,4.0,5.0,3.0,0.5776995305164319
015374,2024-04,30,55.3,4663.63,0.0,2.8134386304566132,0.3503551325704835,0.0,CAMDEN NURSING FACILITY INC.,AL,,,For profit - Corporation,Medicare and Medicaid,95.0,4.0,1.0,4.0,0.5821052631578947
015374,2024-05,31,53.54838709677419,4744.09,0.0,2.8644213964663425,0.3678528539353099,0.0,CAMDEN NURSING FACILITY INC.,AL,,,For profit - Corporation,Medicare and Medicaid,95.0,4.0,1.0,4.0,0.5636672325976231
015374,2024-06,30,54.93333333333333,4533.92,0.0,2.7513623136123133,0.29807407808241143,0.0,CAMDEN NURSING FACILITY INC.,AL,,,For profit - Corporation,Medicare and Medicaid,95.0,4.0,1.0,4.0,0.5782456140350877
015375,2024-04,30,79.16666666666667,8090.5,0.0,3.4105598290754107,0.47210097282446867,0.0,ANNISTON HEALTH AND REHAB SERVICES,AL,,,Non profit - Other,Medicare and Medicaid,85.0,3.0,4.0,3.0,0.9313725490196079
015375,2024-05,31,80.38709677419355,8247.0,0.0,3.305653155295957,0.4094602644643215,0.0,ANNISTON HEALTH AND REHAB SERVICES,AL,,,Non profit - Other,Medicare and Medicaid,85.0,3.0,4.0,3.0,0.94573055028463
015375,2024-06,30,76.96666666666667,8371.5,0.0,3.627846484456043,0.5401986275646103,0.0,ANNISTON HEALTH AND REHAB SERVICES,AL,,,Non profit - Other,Medicare and Medicaid,85.0,3.0,4.0,3.0,0.9054901960784314
015376,2024-04,30,100.83333333333333,7359.99,0.0,2.4380593076556676,0.4719557260811491,0.0,DIVERSICARE OF WINFIELD,AL,,,For profit - Corporation,Medicare and Medicaid,123.0,5.0,3.0,3.0,0.8197831978319783
015376,2024-05,31,100.09677419354838,7274.53,0.0,2.3458823445584325,0.510136563836043,0.0,DIVERSICARE OF WINFIELD,AL,,,For profit - Corporation,Medicare and Medicaid,123.0,5.0,3.0,3.0,0.8137949121426697
015376,2024-06,30,100.73333333333333,7138.38,0.0,2.3617716899348413,0.4744828472180932,0.0,DIVERSICARE OF WINFIELD,AL,,,For profit - Corporation,Medicare and Medicaid,123.0,5.0,3.0,3.0,0.8189701897018971
015378,2024-04,30,75.86666666666666,7832.75,0.0,3.4414108205151823,0.6012481245767115,0.0,MARSHALL MANOR NURSING HOME,AL,,,For profit - Corporation,Medicare and Medicaid,91.0,3.0,4.0,1.0,0.8336996336996336
015378,2024-05,31,80.64516129032258,8211.25,0.0,3.2887085413828725,0.5125510437822293,0.0,MARSHALL MANOR NURSING HOME,AL,,,For profit - Corporation,Medicare and Medicaid,91.0,3.0,4.0,1.0,0.8862105636299185
015378,2024-06,30,83.96666666666667,7476.5,0.0,2.9659065830168267,0.2582304113806408,0.0,MARSHALL MANOR NURSING HOME,AL,,,For profit - Corporation,Medicare and Medicaid,91.0,3.0,4.0,1.0,0.9227106227106228
015379,2024-04,30,95.0,9155.84,0.0,3.2196520149441907,0.16409125266616292,0.0,MOBILE NURSING AND REHABILITATION CENTER,AL,,,For profit - Partnership,Medicare and Medicaid,120.0,5.0,3.0,4.0,0.7916666666666666
015379,2024-05,31,89.25806451612904,9369.01,0.0,3.38900559642772,0.16952759579592752,0.0,MOBILE NURSING AND REHABILITATION CENTER,AL,,,For profit - Partnership,Medicare and Medicaid,120.0,5.0,3.0,4.0,0.7438172043010753
015379,2024-06,30,90.36666666666666,9204.94,0.0,3.3968057697147107,0.28748345736455794,0.0,MOBILE NURSING AND REHABILITATION CENTER,AL,,,For profit - Partnership,Medicare and Medicaid,120.0,5.0,3.0,4.0,0.7530555555555555
015381,2024-04,30,4.366666666666666,718.41,0.0,6.204422222222222,0.9678611111111111,0.0,WILLOWBROOKE CT SKILLED CARE CTR WESTMINSTER VLG,AL,,,Non profit - Corporation,Medicare and Medicaid,60.0,2.0,4.0,3.0,0.07277777777777777
015381,2024-05,31,7.483870967741935,737.27,0.0,3.254683307731695,0.5311446492575524,0.0,WILLOWBROOKE CT SKILLED CARE CTR WESTMINSTER VLG,AL,,,Non profit - Corporation,Medicare and Medicaid,60.0,2.0,4.0,3.0,0.12473118279569892
015381,2024-06,30,7.133333333333334,845.72,0.0,3.9907519841269843,0.6869193121693121,0.0,WILLOWBROOKE CT SKILLED CARE CTR WESTMINSTER VLG,AL,,,Non profit - Corporation,Medicare and Medicaid,60.0,2.0,4.0,3.0,0.11888888888888889
015382,2024-04,30,131.16666666666666,12484.75,0.0,3.1719207560284692,0.0766760385049285,0.0,CANTERBURY HEALTH CARE FACILITY,AL,,,For profit - Corporation,Medicare and Medicaid,137.0,1.0,2.0,3.0,0.9574209245742091
015382,2024-05,31,131.51612903225808,12198.0,0.0,2.992223366900671,0.06943513749735464,0.0,CANTERBURY HEALTH CARE FACILITY,AL,,,For profit - Corporation,Medicare and Medicaid,137.0,1.0,2.0,3.0,0.9599717447610079
015382,2024-06,30,130.33333333333334,11831.0,0.0,3.0245594169253693,0.04465627063024653,0.0,CANTERBURY HEALTH CARE FACILITY,AL,,,For profit - Corporation,Medicare and Medicaid,137.0,1.0,2.0,3.0,0.951338199513382
015383,2024-04,30,124.9,12373.25,0.0,3.304613638341105,0.3803813881380324,0.0,WOODLAND VILLAGE REHABILITATION AND HEALTHCARE CEN,AL,,,For profit - Corporation,Medicare and Medicaid,149.0,4.0,4.0,2.0,0.838255033557047
015383,2024-05,31,124.61290322580645,13097.0,0.0,3.3915140850471004,0.33109085186767173,0.0,WOODLAND VILLAGE REHABILITATION AND HEALTHCARE CEN,AL,,,For profit - Corporation,Medicare and Medicaid,149.0,4.0,4.0,2.0,0.8363282095691708
015383,2024-06,30,128.06666666666666,14121.0,0.0,3.6768161569847027,0.33495192847538485,0.0,WOODLAND VILLAGE REHABILITATION AND HEALTHCARE CEN,AL,,,For profit - Corporation,Medicare and Medicaid,149.0,4.0,4.0,2.0,0.8595078299776286
015386,2024-04,30,57.86666666666667,6066.0,644.0,3.4959657480743376,0.14707760276352821,0.10740739865490122,ADAMS REHABILITATION AND HEALTHCARE CENTER,AL,,,For profit - Limited Liability company,Medicare and Medicaid,88.0,5.0,4.0,2.0,0.6575757575757576
015386,2024-05,31,55.903225806451616,6646.75,469.75,3.8381715667552267,0.30325446221507635,0.07094211125917983,ADAMS REHABILITATION AND HEALTHCARE CENTER,AL,,,For profit - Limited Liability company,Medicare and Medicaid,88.0,5.0,4.0,2.0,0.6352639296187683
015386,2024-06,30,57.56666666666667,6932.5,402.5,4.016785395296043,0.4607407815932391,0.058758823646010074,ADAMS REHABILITATION AND HEALTHCARE CENTER,AL,,,For profit - Limited Liability company,Medicare and Medicaid,88.0,5.0,4.0,2.0,0.6541666666666667
015388,2024-04,30,87.26666666666667,8678.0,0.0,3.316683458023058,0.4181844292946477,0.0,EAST GLEN,AL,,,For profit - Corporation,Medicare and Medicaid,108.0,2.0,3.0,3.0,0.8080246913580247
015388,2024-05,31,91.70967741935483,9195.5,0.0,3.233839753320852,0.4568880448499985,0.0,EAST GLEN,AL,,,For profit - Corporation,Medicare and Medicaid,108.0,2.0,3.0,3.0,0.849163679808841
015388,2024-06,30,95.33333333333333,10319.25,0.0,3.6093424313371565,0.44172436841673485,0.0,EAST GLEN,AL,,,For profit - Corporation,Medicare and Medicaid,108.0,2.0,3.0,3.0,0.882716049382716
015390,2024-04,30,208.93333333333334,22221.0,0.0,3.5466882921733265,0.21448887215556592,0.0,CAPITOL HILL HEALTHCARE CENTER,AL,,,For profit - Corporation,Medicare and Medicaid,284.0,5.0,3.0,4.0,0.7356807511737089
015390,2024-05,31,204.06451612903226,21860.25,0.0,3.4537014947877207,0.2130411104605924,0.0,CAPITOL HILL HEALTHCARE CENTER,AL,,,For profit - Corporation,Medicare and Medicaid,284.0,5.0,3.0,4.0,0.718537028623353
015390,2024-06,30,210.7,22009.75,0.0,3.481781257791968,0.16778990359651347,0.0,CAPITOL HILL HEALTHCARE CENTER,AL,,,For profit - Corporation,Medicare and Medicaid,284.0,5.0,3.0,4.0,0.7419014084507042
015391,2024-04,30,153.93333333333334,12929.06,0.0,2.8000560677885504,0.3447854417498982,0.0,"JACKSONVILLE HEALTH AND REHABILITATION, LLC",AL,,,For profit - Corporation,Medicare and Medicaid,167.0,2.0,3.0,3.0,0.9217564870259481
015391,2024-05,31,145.06451612903226,12544.04,0.0,2.7896713422126664,0.3405940813843219,0.0,"JACKSONVILLE HEALTH AND REHABILITATION, LLC",AL,,,For profit - Corporation,Medicare and Medicaid,167.0,2.0,3.0,3.0,0.8686497971798338
015391,2024-06,30,145.96666666666667,11011.8,0.0,2.5142192684782136,0.3203913170107637,0.0,"JACKSONVILLE HEALTH AND REHABILITATION, LLC",AL,,,For profit - Corporation,Medicare and Medicaid,167.0,2.0,3.0,3.0,0.8740518962075848
015392,2024-04,30,76.6,6138.87,175.36,2.6841608428923354,0.666498398013502,0.0301970497889675,CYPRESS COVE CARE CENTER,AL,,,For profit - Corporation,Medicare and Medicaid,90.0,4.0,2.0,4.0,0.851111111111111
015392,2024-05,31,80.09677419354838,6765.68,199.65,2.7239631971116336,0.725290990441767,0.028947353208530275,CYPRESS COVE CARE CENTER,AL,,,For profit - Corporation,Medicare and Medicaid,90.0,4.0,2.0,4.0,0.8899641577060932
015392,2024-06,30,80.83333333333333,6496.85,319.62,2.6815057535233193,0.7830954960126072,0.04929543458288109,CYPRESS COVE CARE CENTER,AL,,,For profit - Corporation,Medicare and Medicaid,90.0,4.0,2.0,4.0,0.8981481481481481
015393,2024-04,30,147.96666666666667,15588.67,497.25,3.5149298494307493,0.3178758736632118,0.03341355395113059,CROWNE HEALTH CARE OF MONTGOMERY,AL,,,For profit - Corporation,Medicare and Medicaid,185.0,2.0,4.0,1.0,0.7998198198198199
015393,2024-05,31,146.83870967741936,16634.0,585.0,3.653447370952041,0.34000015981102255,0.03594447189902634,CROWNE HEALTH CARE OF MONTGOMERY,AL,,,For profit - Corporation,Medicare and Medicaid,185.0,2.0,4.0,1.0,0.7937227550130777
015393,2024-06,30,144.36666666666667,15504.0,642.75,3.5790882935105537,0.2605142599320436,0.04206077089251937,CROWNE HEALTH CARE OF MONTGOMERY,AL,,,For profit - Corporation,Medicare and Medicaid,185.0,2.0,4.0,1.0,0.7803603603603604
015396,2024-04,30,77.8,6872.25,0.0,2.94736552486556,0.1629296542509508,0.0,DIVERSICARE OF GREENSBORO,AL,,,For profit - Corporation,Medicare and Medicaid,97.0,5.0,3.0,5.0,0.802061855670103
015396,2024-05,31,77.16129032258064,6676.7300000000005,0.0,2.79203132826355,0.1120765779799134,0.0,DIVERSICARE OF GREENSBORO,AL,,,For profit - Corporation,Medicare and Medicaid,97.0,5.0,3.0,5.0,0.795477219820419
015396,2024-06,30,77.8,6495.6,0.0,2.7823471960898676,0.18140351209971464,0.0,DIVERSICARE OF GREENSBORO,AL,,,For profit - Corporation,Medicare and Medicaid,97.0,5.0,3.0,5.0,0.802061855670103
015397,2024-04,30,94.1,6267.61,0.0,2.221866696595114,0.28949465807709895,0.0,WINDSOR HOUSE,AL,,,For profit - Corporation,Medicare and Medicaid,117.0,1.0,2.0,3.0,0.8042735042735042
015397,2024-05,31,93.51612903225806,6545.74,15.98,2.26049970395936,0.29206130527602286,0.002439698381218903,WINDSOR HOUSE,AL,,,For profit - Corporation,Medicare and Medicaid,117.0,1.0,2.0,3.0,0.7992831541218638
015397,2024-06,30,91.33333333333333,6615.44,0.0,2.4171114268506435,0.28011824985959155,0.0,WINDSOR HOUSE,AL,,,For profit - Corporation,Medicare and Medicaid,117.0,1.0,2.0,3.0,0.7806267806267806
015398,2024-04,30,67.9,7929.2,0.0,3.889478161197423,0.556230595742515,0.0,MONROE MANOR HEALTH & REHABILITATION CENTER,AL,,,For profit - Corporation,Medicare and Medicaid,84.0,4.0,2.0,2.0,0.8083333333333333
015398,2024-05,31,69.09677419354838,7513.04,0.0,3.509148065604677,0.47222472933525295,0.0,MONROE MANOR HEALTH & REHABILITATION CENTER,AL,,,For profit - Corporation,Medicare and Medicaid,84.0,4.0,2.0,2.0,0.8225806451612903
015398,2024-06,30,66.96666666666667,7170.85,0.0,3.5736865894387746,0.4760084219964569,0.0,MONROE MANOR HEALTH & REHABILITATION CENTER,AL,,,For profit - Corporation,Medicare and Medicaid,84.0,4.0,2.0,2.0,0.7972222222222223
015400,2024-04,30,53.833333333333336,4983.75,0.0,3.085942888921755,0.14331747587273855,0.0,MEADOWVIEW NURSING CENTER,AL,,,For profit - Corporation,Medicare and Medicaid,59.0,4.0,2.0,5.0,0.9124293785310735
015400,2024-05,31,57.25806451612903,5166.5,0.0,2.9122301854941837,0.13110509625386027,0.0,MEADOWVIEW NURSING CENTER,AL,,,For profit - Corporation,Medicare and Medicaid,59.0,4.0,2.0,5.0,0.9704756697648989
015400,2024-06,30,56.63333333333333,4953.91,0.0,2.91624730301311,0.14205980912844782,0.0,MEADOWVIEW NURSING CENTER,AL,,,For profit - Corporation,Medicare and Medicaid,59.0,4.0,2.0,5.0,0.9598870056497175
015402,2024-04,30,58.2,7548.75,0.0,4.324913998174864,0.4628034629726469,0.0,EL REPOSO NURSING FACILITY,AL,,,For profit - Corporation,Medicare and Medicaid,60.0,3.0,4.0,5.0,0.9700000000000001
015402,2024-05,31,58.61290322580645,7808.27,0.0,4.29702114087844,0.40959749690491004,0.0,EL REPOSO NURSING FACILITY,AL,,,For profit - Corporation,Medicare and Medicaid,60.0,3.0,4.0,5.0,0.9768817204301075
015402,2024-06,30,59.1,7140.75,0.0,4.028068381063705,0.40945410416260797,0.0,EL REPOSO NURSING FACILITY,AL,,,For profit - Corporation,Medicare and Medicaid,60.0,3.0,4.0,5.0,0.985
015403,2024-04,30,89.7,8935.76,0.0,3.3221392400319414,0.45861922081634443,0.0,"PALM GARDENS HEALTH AND REHABILITATION, LLC",AL,,,For profit - Corporation,Medicare and Medicaid,100.0,5.0,3.0,2.0,0.897
015403,2024-05,31,93.87096774193549,9051.49,0.0,3.111926374407772,0.5106203408195257,0.0,"PALM GARDENS HEALTH AND REHABILITATION, LLC",AL,,,For profit - Corporation,Medicare and Medicaid,100.0,5.0,3.0,2.0,0.9387096774193548
015403,2024-06,30,90.76666666666667,8877.84,0.0,3.2613541563921724,0.45040117295337956,0.0,"PALM GARDENS HEALTH AND REHABILITATION, LLC",AL,,,For profit - Corporation,Medicare and Medicaid,100.0,5.0,3.0,2.0,0.9076666666666666
015404,2024-04,30,35.2,2643.9,16.5,2.5113795105909653,0.3754090396334978,0.005309483898068139,BARON HOUSE OF HUEYTOWN,AL,,,For profit - Limited Liability company,Medicare and Medicaid,50.0,2.0,3.0,4.0,0.7040000000000001
015404,2024-05,31,32.193548387096776,2607.53,0.0,2.615527769839371,0.37443128038510837,0.0,BARON HOUSE OF HUEYTOWN,AL,,,For profit - Limited Liability company,Medicare and Medicaid,50.0,2.0,3.0,4.0,0.6438709677419355
015404,2024-06,30,30.3,2656.57,0.0,2.923561189561273,0.333296484359325,0.0,BARON HOUSE OF HUEYTOWN,AL,,,For profit - Limited Liability company,Medicare and Medicaid,50.0,2.0,3.0,4.0,0.606
015406,2024-04,30,78.86666666666666,6212.94,0.0,2.627618322264492,0.08154464755143458,0.0,"GRAND BAY CONVALESCENT HOME, INC.",AL,,,For profit - Corporation,Medicare and Medicaid,92.0,1.0,1.0,4.0,0.8572463768115941
015406,2024-05,31,77.83870967741936,6444.86,0.0,2.676043632452017,0.13653501939683466,0.0,"GRAND BAY CONVALESCENT HOME, INC.",AL,,,For profit - Corporation,Medicare and Medicaid,92.0,1.0,1.0,4.0,0.8460729312762973
015406,2024-06,30,73.93333333333334,6831.04,0.0,3.0788227115895657,0.1876076056456158,0.0,"GRAND BAY CONVALESCENT HOME, INC.",AL,,,For profit - Corporation,Medicare and Medicaid,92.0,1.0,1.0,4.0,0.8036231884057972
015407,2024-04,30,50.7,4509.36,23.0,2.965699358204821,0.19269673446301597,0.007976818653317097,HEALTH CARE INC,AL,,,For profit - Individual,Medicare and Medicaid,53.0,3.0,1.0,5.0,0.9566037735849057
015407,2024-05,31,48.54838709677419,4676.1,0.0,3.1092477681219006,0.17749730142571785,0.0,HEALTH CARE INC,AL,,,For profit - Individual,Medicare and Medicaid,53.0,3.0,1.0,5.0,0.9160073037127207
015407,2024-06,30,48.93333333333333,4758.69,11.5,3.2406041150502753,0.2712168672433512,0.0033261026753434566,HEALTH CARE INC,AL,,,For profit - Individual,Medicare and Medicaid,53.0,3.0,1.0,5.0,0.9232704402515722
015408,2024-04,30,36.6,3548.62,274.95,3.232665434983856,0.2449937343358396,0.07585948698053713,"WALKER REHABILITATION CENTER, INC",AL,,,For profit - Corporation,Medicare and Medicaid,59.0,1.0,4.0,1.0,0.6203389830508474
015408,2024-05,31,35.83870967741935,3495.14,224.72,3.152885154574109,0.1796767535619528,0.06114127741116063,"WALKER REHABILITATION CENTER, INC",AL,,,For profit - Corporation,Medicare and Medicaid,59.0,1.0,4.0,1.0,0.6074357572443958
015408,2024-06,30,35.0,3314.58,46.0,3.161609777424483,0.21027351549410372,0.013583090384334947,"WALKER REHABILITATION CENTER, INC",AL,,,For profit - Corporation,Medicare and Medicaid,59.0,1.0,4.0,1.0,0.5932203389830508
015411,2024-04,30,123.63333333333334,15590.64,0.0,4.206903502764685,0.4198695067925147,0.0,SHELBY RIDGE NURSING HOME,AL,,,For profit - Corporation,Medicare and Medicaid,131.0,2.0,3.0,1.0,0.9437659033078881
015411,2024-05,31,126.80645161290323,15194.91,0.0,3.868638745842227,0.3898309361722581,0.0,SHELBY RIDGE NURSING HOME,AL,,,For profit - Corporation,Medicare and Medicaid,131.0,2.0,3.0,1.0,0.9679881802511697
015411,2024-06,30,128.43333333333334,14372.93,0.0,3.731130930901365,0.45697519583358603,0.0,SHELBY RIDGE NURSING HOME,AL,,,For profit - Corporation,Medicare and Medicaid,131.0,2.0,3.0,1.0,0.9804071246819339
015413,2024-04,30,62.93333333333333,6322.9,0.0,3.350565047130314,0.2790519545610734,0.0,LIGHTHOUSE REHABILITATION & HEALTHCARE CENTER,AL,,,For profit - Corporation,Medicare and Medicaid,68.0,1.0,1.0,1.0,0.9254901960784313
015413,2024-05,31,60.32258064516129,6830.29,0.0,3.6521627007521356,0.281743852230121,0.0,LIGHTHOUSE REHABILITATION & HEALTHCARE CENTER,AL,,,For profit - Corporation,Medicare and Medicaid,68.0,1.0,1.0,1.0,0.8870967741935484
015413,2024-06,30,60.166666666666664,6668.91,0.0,3.6965473632402253,0.23687154378873626,0.0,LIGHTHOUSE REHABILITATION & HEALTHCARE CENTER,AL,,,For profit - Corporation,Medicare and Medicaid,68.0,1.0,1.0,1.0,0.8848039215686274
015414,2024-04,30,46.4,3481.86,0.0,2.5000219649808866,0.5348351291524897,0.0,LAFAYETTE NURSING HOME,AL,,,For profit - Individual,Medicare and Medicaid,63.0,1.0,3.0,2.0,0.7365079365079364
015414,2024-05,31,46.25806451612903,3712.32,0.0,2.587135719946021,0.7687610370060909,0.0,LAFAYETTE NURSING HOME,AL,,,For profit - Individual,Medicare and Medicaid,63.0,1.0,3.0,2.0,0.7342549923195084
015414,2024-06,30,48.53333333333333,3294.4,0.0,2.263896394658696,0.6713209047880639,0.0,LAFAYETTE NURSING HOME,AL,,,For profit - Individual,Medicare and Medicaid,63.0,1.0,3.0,2.0,0.7703703703703704
015416,2024-04,30,93.23333333333333,7953.0,0.0,2.842343846334127,0.42308801696606213,0.0,ANDALUSIA MANOR,AL,,,For profit - Limited Liability company,Medicare and Medicaid,154.0,2.0,4.0,4.0,0.6054112554112554
015416,2024-05,31,91.35483870967742,8544.0,0.0,3.01901936965379,0.32026495762812995,0.0,ANDALUSIA MANOR,AL,,,For profit - Limited Liability company,Medicare and Medicaid,154.0,2.0,4.0,4.0,0.5932132383745288
015416,2024-06,30,91.03333333333333,7629.25,0.0,2.7959686487088544,0.3510341884015439,0.0,ANDALUSIA MANOR,AL,,,For profit - Limited Liability company,Medicare and Medicaid,154.0,2.0,4.0,4.0,0.5911255411255412
015417,2024-04,30,69.16666666666667,8157.75,0.0,3.9301495771281996,0.4182426263003721,0.0,CROWNE HEALTHCARE OF NORTH BALDWIN,AL,,,Non profit - Corporation,Medicare and Medicaid,75.0,3.0,5.0,2.0,0.9222222222222223
015417,2024-05,31,70.03225806451613,7621.55,0.0,3.5121237065882864,0.3640400175715292,0.0,CROWNE HEALTHCARE OF NORTH BALDWIN,AL,,,Non profit - Corporation,Medicare and Medicaid,75.0,3.0,5.0,2.0,0.933763440860215
015417,2024-06,30,67.63333333333334,7308.35,0.0,3.606428591602209,0.22358279033225076,0.0,CROWNE HEALTHCARE OF NORTH BALDWIN,AL,,,Non profit - Corporation,Medicare and Medicaid,75.0,3.0,5.0,2.0,0.9017777777777779
015419,2024-04,30,72.93333333333334,6265.04,0.0,2.865069420339641,0.39491990156794693,0.0,HARTFORD HEALTH CARE,AL,,,For profit - Corporation,Medicare and Medicaid,86.0,5.0,4.0,5.0,0.848062015503876
015419,2024-05,31,77.45161290322581,6274.31,0.0,2.6160410629999937,0.42908290160335993,0.0,HARTFORD HEALTH CARE,AL,,,For profit - Corporation,Medicare and Medicaid,86.0,5.0,4.0,5.0,0.9006001500375094
015419,2024-06,30,77.36666666666666,6054.39,0.0,2.609199674511851,0.38620759478647887,0.0,HARTFORD HEALTH CARE,AL,,,For profit - Corporation,Medicare and Medicaid,86.0,5.0,4.0,5.0,0.8996124031007752
015420,2024-04,30,86.96666666666667,8528.34,0.0,3.2682028753857746,0.39179295869603786,0.0,CUMBERLAND HEALTH AND REHAB,AL,,,Non profit - Corporation,Medicare and Medicaid,100.0,1.0,4.0,1.0,0.8696666666666667
015420,2024-05,31,85.6774193548387,8551.29,0.0,3.2199677812669227,0.34949178280878535,0.0,CUMBERLAND HEALTH AND REHAB,AL,,,Non profit - Corporation,Medicare and Medicaid,100.0,1.0,4.0,1.0,0.856774193548387
015420,2024-06,30,82.96666666666667,8396.48,0.0,3.3732653452440426,0.35918791882552265,0.0,CUMBERLAND HEALTH AND REHAB,AL,,,Non profit - Corporation,Medicare and Medicaid,100.0,1.0,4.0,1.0,0.8296666666666667
015422,2024-04,30,91.6,9353.38,0.0,3.404591910639638,0.6292158312159576,0.0,TLC NURSING CENTER,AL,,,For profit - Corporation,Medicare and Medicaid,103.0,5.0,5.0,5.0,0.8893203883495145
015422,2024-05,31,87.35483870967742,9213.19,0.0,3.4028191967139474,0.5566132173848232,0.0,TLC NURSING CENTER,AL,,,For profit - Corporation,Medicare and Medicaid,103.0,5.0,5.0,5.0,0.8481052301910429
015422,2024-06,30,93.53333333333333,8754.11,0.0,3.1323750264475647,0.5443821880760868,0.0,TLC NURSING CENTER,AL,,,For profit - Corporation,Medicare and Medicaid,103.0,5.0,5.0,5.0,0.9080906148867314
015423,2024-04,30,57.3,5859.75,146.0,3.4145801421143163,0.49187605073013424,0.027127105035750127,BROOKDALE UNIVERSITY PARK SNF (AL),AL,,,For profit - Corporation,Medicare,66.0,1.0,3.0,3.0,0.8681818181818182
015423,2024-05,31,58.87096774193548,5898.5,136.0,3.255801881093149,0.38214231432034923,0.025395564425463243,BROOKDALE UNIVERSITY PARK SNF (AL),AL,,,For profit - Corporation,Medicare,66.0,1.0,3.0,3.0,0.8919843597262952
015423,2024-06,30,62.0,5621.25,203.5,3.02762784758967,0.4519515067652911,0.03871693181523685,BROOKDALE UNIVERSITY PARK SNF (AL),AL,,,For profit - Corporation,Medicare,66.0,1.0,3.0,3.0,0.9393939393939394
015424,2024-04,30,58.4,4709.41,0.0,2.690696894193403,0.41140562084882965,0.0,ROANOKE REHABILITATION & HEALTHCARE CENTER,AL,,,For profit - Corporation,Medicare and Medicaid,65.0,2.0,3.0,2.0,0.8984615384615384
015424,2024-05,31,59.87096774193548,4984.95,0.0,2.686386027181983,0.41983557559298135,0.0,ROANOKE REHABILITATION & HEALTHCARE CENTER,AL,,,For profit - Corporation,Medicare and Medicaid,65.0,2.0,3.0,2.0,0.921091811414392
015424,2024-06,30,60.53333333333333,4733.61,0.0,2.607227309723869,0.44888627766354167,0.0,ROANOKE REHABILITATION & HEALTHCARE CENTER,AL,,,For profit - Corporation,Medicare and Medicaid,65.0,2.0,3.0,2.0,0.9312820512820512
015425,2024-04,30,161.0,16588.5,0.0,3.4337903933496476,0.2169805889807428,0.0,WESTSIDE TERRACE HEALTH & REHABILITATION CENTER,AL,,,For profit - Corporation,Medicare and Medicaid,165.0,4.0,4.0,4.0,0.9757575757575757
015425,2024-05,31,159.96774193548387,17592.32,0.0,3.54768699165315,0.25895338153002223,0.0,WESTSIDE TERRACE HEALTH & REHABILITATION CENTER,AL,,,For profit - Corporation,Medicare and Medicaid,165.0,4.0,4.0,4.0,0.9695014662756598
015425,2024-06,30,156.0,16900.5,0.0,3.610774620237248,0.2635165987647522,0.0,WESTSIDE TERRACE HEALTH & REHABILITATION CENTER,AL,,,For profit - Corporation,Medicare and Medicaid,165.0,4.0,4.0,4.0,0.9454545454545454
015426,2024-04,30,43.4,5706.58,0.0,4.385691942608502,0.61465251786949,0.0,CROWNE HEALTH CARE OF SPRINGHILL,AL,,,For profit - Corporation,Medicare and Medicaid,46.0,5.0,5.0,2.0,0.9434782608695652
015426,2024-05,31,41.903225806451616,5582.67,0.0,4.309468234459893,0.5724054829680382,0.0,CROWNE HEALTH CARE OF SPRINGHILL,AL,,,For profit - Corporation,Medicare and Medicaid,46.0,5.0,5.0,2.0,0.9109396914446003
015426,2024-06,30,43.1,5269.41,0.0,4.078870983400618,0.44270953201695945,0.0,CROWNE HEALTH CARE OF SPRINGHILL,AL,,,For profit - Corporation,Medicare and Medicaid,46.0,5.0,5.0,2.0,0.9369565217391305
015429,2024-04,30,113.2,11857.1,0.0,3.4899096206310443,0.3086130082709507,0.0,KENSINGTON HEALTH AND REHABILITATION,AL,,,For profit - Partnership,Medicare and Medicaid,120.0,4.0,3.0,2.0,0.9433333333333334
015429,2024-05,31,115.54838709677419,12603.3,0.0,3.52006281603574,0.4153015649432113,0.0,KENSINGTON HEALTH AND REHABILITATION,AL,,,For profit - Partnership,Medicare and Medicaid,120.0,4.0,3.0,2.0,0.9629032258064516
015429,2024-06,30,114.03333333333333,13029.5,0.0,3.806877609971434,0.6523592439319454,0.0,KENSINGTON HEALTH AND REHABILITATION,AL,,,For profit - Partnership,Medicare and Medicaid,120.0,4.0,3.0,2.0,0.9502777777777778
015431,2024-04,30,125.8,11157.5,0.0,2.956584146543362,0.5800959359341089,0.0,"VALLEY VIEW HEALTH AND REHABILITATION, LLC",AL,,,For profit - Corporation,Medicare and Medicaid,155.0,2.0,3.0,2.0,0.8116129032258065
015431,2024-05,31,119.03225806451613,10574.69,0.0,2.862741013275935,0.5921041246353219,0.0,"VALLEY VIEW HEALTH AND REHABILITATION, LLC",AL,,,For profit - Corporation,Medicare and Medicaid,155.0,2.0,3.0,2.0,0.7679500520291364
015431,2024-06,30,128.33333333333334,12054.69,0.0,3.1318898298731606,0.5353529024959891,0.0,"VALLEY VIEW HEALTH AND REHABILITATION, LLC",AL,,,For profit - Corporation,Medicare and Medicaid,155.0,2.0,3.0,2.0,0.8279569892473119
015433,2024-04,30,67.86666666666666,8190.08,534.35,4.039732839426862,0.5972005923932512,0.06675742440103759,ST MARTIN'S IN THE PINES,AL,,,Non profit - Church related,Medicare and Medicaid,128.0,3.0,3.0,4.0,0.5302083333333333
015433,2024-05,31,69.25806451612904,8576.460000000001,7.5,4.000661943156172,0.5681159344720422,0.0008668415760335641,ST MARTIN'S IN THE PINES,AL,,,Non profit - Church related,Medicare and Medicaid,128.0,3.0,3.0,4.0,0.5410786290322581
015433,2024-06,30,68.93333333333334,8440.36,0.0,4.086108448139874,0.6063676408669837,0.0,ST MARTIN'S IN THE PINES,AL,,,Non profit - Church related,Medicare and Medicaid,128.0,3.0,3.0,4.0,0.5385416666666667
015434,2024-04,30,113.93333333333334,11702.25,0.0,3.4246086552834445,0.5456982463019975,0.0,LYNWOOD REHABILITATION AND HEALTHCARE CENTER,AL,,,For profit - Individual,Medicare and Medicaid,127.0,2.0,4.0,3.0,0.8971128608923885
015434,2024-05,31,113.70967741935483,12983.83,0.0,3.684083539868736,0.5554493911548515,0.0,LYNWOOD REHABILITATION AND HEALTHCARE CENTER,AL,,,For profit - Individual,Medicare and Medicaid,127.0,2.0,4.0,3.0,0.8953517907035814
015434,2024-06,30,113.06666666666666,11863.5,0.0,3.494991243967688,0.5055989815251365,0.0,LYNWOOD REHABILITATION AND HEALTHCARE CENTER,AL,,,For profit - Individual,Medicare and Medicaid,127.0,2.0,4.0,3.0,0.8902887139107611
015435,2024-04,30,71.0,6804.48,1564.73,3.196848502723349,0.26559843416277273,0.23171004428202505,SPRINGHILL SENIOR RESIDENCE,AL,,,For profit - Corporation,Medicare and Medicaid,151.0,4.0,3.0,2.0,0.47019867549668876
015435,2024-05,31,72.64516129032258,7225.25,1309.75,3.2107683164015985,0.31270907093243266,0.1851752274461742,SPRINGHILL SENIOR RESIDENCE,AL,,,For profit - Corporation,Medicare and Medicaid,151.0,4.0,3.0,2.0,0.4810937833796197
015435,2024-06,30,80.36666666666666,7260.65,1716.9,3.0167554201560476,0.3156350556547823,0.23897669177031297,SPRINGHILL SENIOR RESIDENCE,AL,,,For profit - Corporation,Medicare and Medicaid,151.0,4.0,3.0,2.0,0.5322295805739514
015436,2024-04,30,137.23333333333332,15160.22,0.0,3.6829868234138123,0.2731475663056395,0.0,HILLVIEW TERRACE,AL,,,For profit - Corporation,Medicare and Medicaid,143.0,2.0,4.0,3.0,0.9596736596736596
015436,2024-05,31,132.5483870967742,16208.130000000001,0.0,3.947530263530723,0.3539910372309898,0.0,HILLVIEW TERRACE,AL,,,For profit - Corporation,Medicare and Medicaid,143.0,2.0,4.0,3.0,0.9269117978795399
015436,2024-06,30,133.0,16142.07,0.0,4.049128568848517,0.38273472395898994,0.0,HILLVIEW TERRACE,AL,,,For profit - Corporation,Medicare and Medicaid,143.0,2.0,4.0,3.0,0.9300699300699301
015437,2024-04,30,94.73333333333333,8893.25,0.0,3.1291170235693726,0.18901153885991956,0.0,FOLSOM REHABILITATION AND HEALTHCARE CENTER,AL,,,For profit - Corporation,Medicare and Medicaid,102.0,3.0,4.0,2.0,0.9287581699346406
015437,2024-05,31,91.16129032258064,8987.25,0.0,3.182483261141868,0.195436653180518,0.0,FOLSOM REHABILITATION AND HEALTHCARE CENTER,AL,,,For profit - Corporation,Medicare and Medicaid,102.0,3.0,4.0,2.0,0.8937381404174572
015437,2024-06,30,91.6,9186.75,0.0,3.3453279505889117,0.26472600520244466,0.0,FOLSOM REHABILITATION AND HEALTHCARE CENTER,AL,,,For profit - Corporation,Medicare and Medicaid,102.0,3.0,4.0,2.0,0.8980392156862744
015440,2024-04,30,101.16666666666667,9336.31,0.0,3.076325960267169,0.4474106331331983,0.0,"HUNTSVILLE HEALTH & REHABILITATION, LLC",AL,,,For profit - Corporation,Medicare and Medicaid,105.0,2.0,4.0,1.0,0.9634920634920635
015440,2024-05,31,101.93548387096774,10184.54,0.0,3.2206323531117933,0.47025079589571916,0.0,"HUNTSVILLE HEALTH & REHABILITATION, LLC",AL,,,For profit - Corporation,Medicare and Medicaid,105.0,2.0,4.0,1.0,0.9708141321044547
015440,2024-06,30,102.33333333333333,10058.24,0.0,3.280115155757082,0.5104648756601073,0.0,"HUNTSVILLE HEALTH & REHABILITATION, LLC",AL,,,For profit - Corporation,Medicare and Medicaid,105.0,2.0,4.0,1.0,0.9746031746031746
015442,2024-04,30,41.63333333333333,4487.58,0.0,3.5946755163283806,0.7127851408376082,0.0,ORCHARD REHABILITATION & HEALTHCARE CENTER,AL,,,For profit - Corporation,Medicare and Medicaid,72.0,2.0,4.0,2.0,0.5782407407407407
015442,2024-05,31,44.225806451612904,4645.04,0.0,3.3904376820359525,0.7386942803795666,0.0,ORCHARD REHABILITATION & HEALTHCARE CENTER,AL,,,For profit - Corporation,Medicare and Medicaid,72.0,2.0,4.0,2.0,0.614247311827957
015442,2024-06,30,47.833333333333336,4553.71,0.0,3.172990204464456,0.7425356197492873,0.0,ORCHARD REHABILITATION & HEALTHCARE CENTER,AL,,,For profit - Corporation,Medicare and Medicaid,72.0,2.0,4.0,2.0,0.6643518518518519
015443,2024-04,30,124.26666666666667,14204.28,0.0,3.8117242224436025,0.46179372059149804,0.0,ROBERTSDALE REHABILITATION & HEALTHCARE CTR,AL,,,For profit - Corporation,Medicare and Medicaid,152.0,1.0,2.0,3.0,0.8175438596491228
015443,2024-05,31,120.06451612903226,14911.76,0.0,4.004943534224718,0.44852682569307356,0.0,ROBERTSDALE REHABILITATION & HEALTHCARE CTR,AL,,,For profit - Corporation,Medicare and Medicaid,152.0,1.0,2.0,3.0,0.7898981324278438
015443,2024-06,30,122.9,14366.210000000001,0.0,3.8961999541803913,0.4840430504446906,0.0,ROBERTSDALE REHABILITATION & HEALTHCARE CTR,AL,,,For profit - Corporation,Medicare and Medicaid,152.0,1.0,2.0,3.0,0.8085526315789474
015445,2024-04,30,110.43333333333334,8135.22,0.0,2.457006555690847,0.17701577575023658,0.0,CHERRY HILL REHABILITATION & HEALTHCARE CENTER,AL,,,For profit - Corporation,Medicare and Medicaid,117.0,1.0,1.0,1.0,0.9438746438746439
015445,2024-05,31,110.12903225806451,8263.34,0.0,2.4208984270266085,0.19159780848664393,0.0,CHERRY HILL REHABILITATION & HEALTHCARE CENTER,AL,,,For profit - Corporation,Medicare and Medicaid,117.0,1.0,1.0,1.0,0.9412737799834574
015445,2024-06,30,109.33333333333333,8849.0,0.0,2.6971920877518536,0.2212715387463415,0.0,CHERRY HILL REHABILITATION & HEALTHCARE CENTER,AL,,,For profit - Corporation,Medicare and Medicaid,117.0,1.0,1.0,1.0,0.9344729344729344
015446,2024-04,30,84.0,9033.0,0.0,3.586076493055913,0.4488299160354821,0.0,GREENBRIAR AT THE ALTAMONT SKILLED NURSING FACILIT,AL,,,Non profit - Corporation,Medicare and Medicaid,95.0,3.0,4.0,3.0,0.8842105263157894
015446,2024-05,31,83.83870967741936,9460.25,0.0,3.6452348573093167,0.4331613951827796,0.0,GREENBRIAR AT THE ALTAMONT SKILLED NURSING FACILIT,AL,,,Non profit - Corporation,Medicare and Medicaid,95.0,3.0,4.0,3.0,0.8825127334465196
015446,2024-06,30,86.03333333333333,9155.0,0.0,3.547490252686577,0.43864359259778857,0.0,GREENBRIAR AT THE ALTAMONT SKILLED NURSING FACILIT,AL,,,Non profit - Corporation,Medicare and Medicaid,95.0,3.0,4.0,3.0,0.9056140350877193
015447,2024-04,30,69.5,6528.28,0.0,3.1383449608864824,0.32741532486653085,0.0,ARABELLA HEALTH AND WELLNESS OF FAIRHOPE,AL,,,For profit - Limited Liability company,Medicare and Medicaid,83.0,3.0,2.0,3.0,0.8373493975903614
015447,2024-05,31,70.16129032258064,6973.1900000000005,0.0,3.205881539691951,0.3515478047861741,0.0,ARABELLA HEALTH AND WELLNESS OF FAIRHOPE,AL,,,For profit - Limited Liability company,Medicare and Medicaid,83.0,3.0,2.0,3.0,0.8453167508744656
015447,2024-06,30,71.26666666666667,6976.91,0.0,3.269396200589608,0.3072061173006487,0.0,ARABELLA HEALTH AND WELLNESS OF FAIRHOPE,AL,,,For profit - Limited Liability company,Medicare and Medicaid,83.0,3.0,2.0,3.0,0.8586345381526105
015448,2024-04,30,78.0,6303.5,0.0,2.6933698557017456,0.38782163745343384,0.0,SOUTH HAMPTON NURSING & REHABILITATION CENTER,AL,,,For profit - Limited Liability company,Medicare and Medicaid,81.0,3.0,3.0,3.0,0.9629629629629629
015448,2024-05,31,77.3225806451613,6899.75,0.0,2.878716659646263,0.3227547001774153,0.0,SOUTH HAMPTON NURSING & REHABILITATION CENTER,AL,,,For profit - Limited Liability company,Medicare and Medicaid,81.0,3.0,3.0,3.0,0.954599761051374
015448,2024-06,30,71.23333333333333,6569.0,0.0,3.0790535789401434,0.3302313983457002,0.0,SOUTH HAMPTON NURSING & REHABILITATION CENTER,AL,,,For profit - Limited Liability company,Medicare and Medicaid,81.0,3.0,3.0,3.0,0.8794238683127572
015450,2024-04,30,15.866666666666667,1998.66,0.0,4.215924292238262,1.1169196141277025,0.0,WILLOWBROOKE CT SKILLED CARE CTR AT MAGNOLIA TRACE,AL,,,Non profit - Corporation,Medicare,59.0,5.0,5.0,5.0,0.2689265536723164
015450,2024-05,31,15.483870967741936,2035.06,0.0,4.256778529029478,1.1948500966143283,0.0,WILLOWBROOKE CT SKILLED CARE CTR AT MAGNOLIA TRACE,AL,,,Non profit - Corporation,Medicare,59.0,5.0,5.0,5.0,0.2624384909786769
015450,2024-06,30,14.7,1803.45,0.0,4.097142603066867,1.0366567532141062,0.0,WILLOWBROOKE CT SKILLED CARE CTR AT MAGNOLIA TRACE,AL,,,Non profit - Corporation,Medicare,59.0,5.0,5.0,5.0,0.24915254237288134
015451,2024-04,30,75.3,7063.22,0.0,3.131806928700856,0.5087580424128577,0.0,FLORALA HEALTH AND REHABILITATION LLC,AL,,,For profit - Corporation,Medicare and Medicaid,85.0,4.0,3.0,4.0,0.8858823529411765
015451,2024-05,31,79.25806451612904,7195.29,0.0,2.9299896235646496,0.5515794772181589,0.0,FLORALA HEALTH AND REHABILITATION LLC,AL,,,For profit - Corporation,Medicare and Medicaid,85.0,4.0,3.0,4.0,0.9324478178368122
015451,2024-06,30,78.16666666666667,7250.35,0.0,3.093207893579512,0.5323760081237513,0.0,FLORALA HEALTH AND REHABILITATION LLC,AL,,,For profit - Corporation,Medicare and Medicaid,85.0,4.0,3.0,4.0,0.919607843137255
015452,2024-04,30,75.0,6645.7,426.28,2.953704441283389,0.2276899968389442,0.06544201656063715,ARBOR LAKE HEALTH AND REHAB,AL,,,For profit - Limited Liability company,Medicare and Medicaid,87.0,3.0,3.0,3.0,0.8620689655172413
015452,2024-05,31,72.6774193548387,7464.21,164.26,3.313029827739959,0.24782589196093333,0.02324125568776043,ARBOR LAKE HEALTH AND REHAB,AL,,,For profit - Limited Liability company,Medicare and Medicaid,87.0,3.0,3.0,3.0,0.8353726362625139
015452,2024-06,30,71.13333333333334,7021.15,50.400000000000006,3.2888890841971725,0.2420122884715324,0.007720522174168088,ARBOR LAKE HEALTH AND REHAB,AL,,,For profit - Limited Liability company,Medicare and Medicaid,87.0,3.0,3.0,3.0,0.817624521072797
015453,2024-04,30,58.46666666666667,5247.16,0.0,2.996217656287535,0.5419783076104967,0.0,"COLUMBIANA HEALTH AND REHABILITATION, LLC",AL,,,For profit - Corporation,Medicare and Medicaid,63.0,3.0,3.0,3.0,0.9280423280423281
015453,2024-05,31,59.29032258064516,5360.0,0.0,2.916384231784963,0.5789466226171489,0.0,"COLUMBIANA HEALTH AND REHABILITATION, LLC",AL,,,For profit - Corporation,Medicare and Medicaid,63.0,3.0,3.0,3.0,0.9411162314388121
015453,2024-06,30,59.03333333333333,4913.91,0.0,2.7754765684229303,0.5234659820969372,0.0,"COLUMBIANA HEALTH AND REHABILITATION, LLC",AL,,,For profit - Corporation,Medicare and Medicaid,63.0,3.0,3.0,3.0,0.937037037037037
015454,2024-04,30,51.56666666666667,6869.14,0.0,4.439739697581984,0.5129776098731703,0.0,FAIRVIEW AT REDSTONE VILLAGE,AL,,,For profit - Individual,Medicare,56.0,5.0,5.0,2.0,0.9208333333333334
015454,2024-05,31,52.483870967741936,6873.68,0.0,4.228596676498288,0.3975584573126526,0.0,FAIRVIEW AT REDSTONE VILLAGE,AL,,,For profit - Individual,Medicare,56.0,5.0,5.0,2.0,0.9372119815668203
015454,2024-06,30,52.4,6893.31,0.0,4.386090058462385,0.6137663046124755,0.0,FAIRVIEW AT REDSTONE VILLAGE,AL,,,For profit - Individual,Medicare,56.0,5.0,5.0,2.0,0.9357142857142857
015455,2024-04,30,128.96666666666667,9744.9,0.0,2.5182000426065496,0.390074767952183,0.0,ELITE NURSING AND REHABILITATION CARE CENTER,AL,,,For profit - Limited Liability company,Medicare and Medicaid,143.0,1.0,3.0,2.0,0.9018648018648019
015455,2024-05,31,124.41935483870968,9814.4,0.0,2.5448436171283997,0.36196614996306464,0.0,ELITE NURSING AND REHABILITATION CARE CENTER,AL,,,For profit - Limited Liability company,Medicare and Medicaid,143.0,1.0,3.0,2.0,0.8700654184525153
015455,2024-06,30,129.4,9691.4,0.0,2.497177074607032,0.3536334932882551,0.0,ELITE NURSING AND REHABILITATION CARE CENTER,AL,,,For profit - Limited Liability company,Medicare and Medicaid,143.0,1.0,3.0,2.0,0.9048951048951049
015456,2024-04,30,94.56666666666666,9552.21,0.0,3.36990484789626,0.3734654827454969,0.0,"GULF COAST HEALTH AND REHABILITATION, LLC",AL,,,For profit - Corporation,Medicare and Medicaid,100.0,2.0,2.0,3.0,0.9456666666666667
015456,2024-05,31,92.2258064516129,9985.57,0.0,3.499251969549272,0.39254779859661193,0.0,"GULF COAST HEALTH AND REHABILITATION, LLC",AL,,,For profit - Corporation,Medicare and Medicaid,100.0,2.0,2.0,3.0,0.922258064516129
015456,2024-06,30,94.4,9309.15,0.0,3.2882292518679237,0.41120646760469726,0.0,"GULF COAST HEALTH AND REHABILITATION, LLC",AL,,,For profit - Corporation,Medicare and Medicaid,100.0,2.0,2.0,3.0,0.9440000000000001
015457,2024-04,30,57.1,5457.74,861.5,3.1879670934393705,0.21002185545621133,0.16204575121062198,KIRKWOOD BY THE RIVER,AL,,,Non profit - Corporation,Medicare,61.0,4.0,3.0,4.0,0.9360655737704918
015457,2024-05,31,54.38709677419355,5830.05,1390.75,3.462328409279186,0.1692913414874951,0.23928752260608732,KIRKWOOD BY THE RIVER,AL,,,Non profit - Corporation,Medicare,61.0,4.0,3.0,4.0,0.8915917503966156
015457,2024-06,30,55.266666666666666,5109.900000000001,1435.75,3.081170417682285,0.1799896994009705,0.28106471159755236,KIRKWOOD BY THE RIVER,AL,,,Non profit - Corporation,Medicare,61.0,4.0,3.0,4.0,0.9060109289617486
015458,2024-04,30,77.93333333333334,8428.199999999999,2010.95,3.605988537363118,0.27666610916707907,0.24249557934145613,AHC MILLENIUM,AL,,,For profit - Corporation,Medicare and Medicaid,91.0,1.0,1.0,1.0,0.8564102564102565
015458,2024-05,31,81.0,8335.58,1931.33,3.322791437635894,0.3839720494926118,0.23720522240109942,AHC MILLENIUM,AL,,,For profit - Corporation,Medicare and Medicaid,91.0,1.0,1.0,1.0,0.8901098901098901
015458,2024-06,30,79.73333333333333,8611.89,2504.89,3.60460027966329,0.440185327766865,0.2967282049508608,AHC MILLENIUM,AL,,,For profit - Corporation,Medicare and Medicaid,91.0,1.0,1.0,1.0,0.8761904761904762
015459,2024-04,30,27.433333333333334,2962.12,146.5,3.6045632928905915,0.49474649488442596,0.04764754579621532,GALLERIA WOODS SKILLED NURSING FACILITY,AL,,,For profit - Corporation,Medicare,30.0,1.0,4.0,4.0,0.9144444444444445
015459,2024-05,31,28.64516129032258,3140.63,199.2,3.540928921611903,0.5076444432673576,0.060377725335233744,GALLERIA WOODS SKILLED NURSING FACILITY,AL,,,For profit - Corporation,Medicare,30.0,1.0,4.0,4.0,0.9548387096774194
015459,2024-06,30,28.266666666666666,3144.16,55.5,3.7130349723286504,0.5659429301222405,0.017584768441194807,GALLERIA WOODS SKILLED NURSING FACILITY,AL,,,For profit - Corporation,Medicare,30.0,1.0,4.0,4.0,0.9422222222222222
015460,2024-04,30,62.0,6846.97,636.47,3.684105011026232,0.5911822561697488,0.09438605494867618,CHARLTON PLACE REHAB AND HEALTHCARE CENTER,AL,,,For profit - Corporation,Medicare and Medicaid,65.0,4.0,3.0,2.0,0.9538461538461539
015460,2024-05,31,59.12903225806452,6737.43,1087.68,3.6724290822717753,0.5321736681238017,0.16541318718979806,CHARLTON PLACE REHAB AND HEALTHCARE CENTER,AL,,,For profit - Corporation,Medicare and Medicaid,65.0,4.0,3.0,2.0,0.9096774193548388
015460,2024-06,30,58.4,6724.58,1335.58,3.841917761838678,0.5187455119116036,0.20148270700770096,CHARLTON PLACE REHAB AND HEALTHCARE CENTER,AL,,,For profit - Corporation,Medicare and Medicaid,65.0,4.0,3.0,2.0,0.8984615384615384
015461,2024-04,30,133.3,9437.43,0.0,2.360642870300144,0.43052276765049774,0.0,LEGACY HEALTH AND REHABILITATION OF PLEASANT GROVE,AL,,,For profit - Corporation,Medicare and Medicaid,189.0,1.0,4.0,4.0,0.7052910052910053
015461,2024-05,31,128.67741935483872,9588.24,0.0,2.4035857709117368,0.49823545317039736,0.0,LEGACY HEALTH AND REHABILITATION OF PLEASANT GROVE,AL,,,For profit - Corporation,Medicare and Medicaid,189.0,1.0,4.0,4.0,0.6808329066393582
015461,2024-06,30,130.4,8828.43,0.0,2.256721809153933,0.4717799230682748,0.0,LEGACY HEALTH AND REHABILITATION OF PLEASANT GROVE,AL,,,For profit - Corporation,Medicare and Medicaid,189.0,1.0,4.0,4.0,0.68994708994709
015463,2024-04,30,52.86666666666667,6598.66,0.0,4.160904019290202,0.460573337418121,0.0,KNOLLWOOD HEALTHCARE,AL,,,For profit - Limited Liability company,Medicare and Medicaid,71.0,,,,0.7446009389671362
015463,2024-05,31,52.193548387096776,5959.83,0.0,3.6868072885617944,0.4016784326290216,0.0,KNOLLWOOD HEALTHCARE,AL,,,For profit - Limited Liability company,Medicare and Medicaid,71.0,,,,0.7351203998182645
015463,2024-06,30,49.96666666666667,5673.55,0.0,3.785742443644124,0.35924503401360547,0.0,KNOLLWOOD HEALTHCARE,AL,,,For profit - Limited Liability company,Medicare and Medicaid,71.0,,,,0.7037558685446009
015464,2024-04,30,99.76666666666667,8478.36,0.0,2.842612909703992,0.4393138883255889,0.0,"ASPIRE PHYSICAL RECOVERY CENTER AT HOOVER, LLC",AL,,,For profit - Corporation,Medicare and Medicaid,118.0,1.0,3.0,3.0,0.8454802259887005
015464,2024-05,31,92.58064516129032,8530.39,0.0,2.972226296937325,0.37796274774896454,0.0,"ASPIRE PHYSICAL RECOVERY CENTER AT HOOVER, LLC",AL,,,For profit - Corporation,Medicare and Medicaid,118.0,1.0,3.0,3.0,0.7845817386550027
015464,2024-06,30,103.06666666666666,8626.539999999999,0.0,2.7960784336592264,0.33813715447396486,0.0,"ASPIRE PHYSICAL RECOVERY CENTER AT HOOVER, LLC",AL,,,For profit - Corporation,Medicare and Medicaid,118.0,1.0,3.0,3.0,0.8734463276836157
015465,2024-04,30,73.7,6670.0,0.0,3.0229282985039414,0.7158104804313833,0.0,ASPIRE PHYSICAL RECOVERY CENTER OF WEST ALABAMA,AL,,,For profit - Corporation,Medicare and Medicaid,75.0,3.0,3.0,3.0,0.9826666666666667
015465,2024-05,31,74.2258064516129,7218.4400000000005,0.0,3.1401483578009333,0.6524319547439142,0.0,ASPIRE PHYSICAL RECOVERY CENTER OF WEST ALABAMA,AL,,,For profit - Corporation,Medicare and Medicaid,75.0,3.0,3.0,3.0,0.9896774193548387
015465,2024-06,30,75.56666666666666,6805.14,0.0,3.0044939090107885,0.6456574585044793,0.0,ASPIRE PHYSICAL RECOVERY CENTER OF WEST ALABAMA,AL,,,For profit - Corporation,Medicare and Medicaid,75.0,3.0,3.0,3.0,1.0075555555555555
015467,2024-04,30,102.1,6907.4,0.0,2.255659229822179,0.0421693536453288,0.0,CAVALIER HEALTHCARE OF TRUSSVILLE,AL,,,For profit - Corporation,Medicare and Medicaid,125.0,3.0,1.0,5.0,0.8168
015467,2024-05,31,103.70967741935483,7793.4800000000005,0.0,2.410753655468546,0.04543014463036305,0.0,CAVALIER HEALTHCARE OF TRUSSVILLE,AL,,,For profit - Corporation,Medicare and Medicaid,125.0,3.0,1.0,5.0,0.8296774193548386
015467,2024-06,30,105.1,5592.31,0.0,1.7735681550621885,0.031494352300607056,0.0,CAVALIER HEALTHCARE OF TRUSSVILLE,AL,,,For profit - Corporation,Medicare and Medicaid,125.0,3.0,1.0,5.0,0.8408
015468,2024-04,30,105.93333333333334,9426.14,0.0,2.968351401655639,0.655882965046139,0.0,ASPIRE PHYSICAL RECOVERY CENTER AT CAHABA RIVER,AL,,,For profit - Limited Liability company,Medicare and Medicaid,120.0,1.0,3.0,2.0,0.8827777777777778
015468,2024-05,31,105.29032258064517,10173.61,0.0,3.119304035643632,0.7249549768558172,0.0,ASPIRE PHYSICAL RECOVERY CENTER AT CAHABA RIVER,AL,,,For profit - Limited Liability company,Medicare and Medicaid,120.0,1.0,3.0,2.0,0.8774193548387097
015468,2024-06,30,114.9,9795.65,0.0,2.85705161132042,0.5954314933449975,0.0,ASPIRE PHYSICAL RECOVERY CENTER AT CAHABA RIVER,AL,,,For profit - Limited Liability company,Medicare and Medicaid,120.0,1.0,3.0,2.0,0.9575
01A193,2024-04,30,41.333333333333336,5048.53,0.0,4.073154178637651,0.3597166823634052,0.0,FATHER PURCELL MEMORIAL EXCEPTIONAL CHILDREN'S CTR,AL,,,Non profit - Church related,Medicaid,58.0,1.0,1.0,3.0,0.7126436781609196
01A193,2024-05,31,44.774193548387096,5231.19,0.0,3.7713087922837096,0.30757133239172774,0.0,FATHER PURCELL MEMORIAL EXCEPTIONAL CHILDREN'S CTR,AL,,,Non profit - Church related,Medicaid,58.0,1.0,1.0,3.0,0.7719688542825361
01A193,2024-06,30,43.8,5197.58,0.0,3.958790241283265,0.21293021969417317,0.0,FATHER PURCELL MEMORIAL EXCEPTIONAL CHILDREN'S CTR,AL,,,Non profit - Church related,Medicaid,58.0,1.0,1.0,3.0,0.7551724137931034
01A208,2024-04,30,46.63333333333333,3992.48,59.480000000000004,2.8536472402096824,0.5556506321307431,0.014234106418453595,MONTGOMERY CHILDREN'S SPECIALTY CENTER,AL,,,For profit - Partnership,Medicaid,54.0,2.0,1.0,5.0,0.8635802469135803
01A208,2024-05,31,43.61290322580645,4440.0,7.0,3.2875527011575967,0.5507846717467056,0.0015681003584229391,MONTGOMERY CHILDREN'S SPECIALTY CENTER,AL,,,For profit - Partnership,Medicaid,54.0,2.0,1.0,5.0,0.8076463560334527
01A208,2024-06,30,45.03333333333333,4361.75,16.0,3.227455984686773,0.6288294428954185,0.0034669160092888904,MONTGOMERY CHILDREN'S SPECIALTY CENTER,AL,,,For profit - Partnership,Medicaid,54.0,2.0,1.0,5.0,0.8339506172839506
025010,2024-04,30,21.6,4287.32,1083.67,6.6190465587552545,2.9896376246941463,0.2489879135375,KETCHIKAN MED CTR NEW HORIZONS TRANSITIONAL CARE,AK,,,Non profit - Corporation,Medicare and Medicaid,29.0,4.0,4.0,5.0,0.7448275862068966
025010,2024-05,31,21.096774193548388,4466.13,915.15,6.8358801843317964,2.972639575478285,0.20606590326634125,KETCHIKAN MED CTR NEW HORIZONS TRANSITIONAL CARE,AK,,,Non profit - Corporation,Medicare and Medicaid,29.0,4.0,4.0,5.0,0.7274749721913237
025010,2024-06,30,20.133333333333333,4591.85,1150.54,7.614945697577276,3.678202339181287,0.2516023110520627,KETCHIKAN MED CTR NEW HORIZONS TRANSITIONAL CARE,AK,,,Non profit - Corporation,Medicare and Medicaid,29.0,4.0,4.0,5.0,0.6942528735632184
025015,2024-04,30,15.3,2907.6,253.6,6.332214052287582,1.7847712418300654,0.08996861035629558,WRANGELL MEDICAL CENTER LTC,AK,,,Non profit - Corporation,Medicare and Medicaid,18.0,5.0,5.0,4.0,0.8500000000000001
025015,2024-05,31,17.64516129032258,3709.6,491.4,6.792441492726122,2.085009487666034,0.13480800619103037,WRANGELL MEDICAL CENTER LTC,AK,,,Non profit - Corporation,Medicare and Medicaid,18.0,5.0,5.0,4.0,0.9802867383512545
025015,2024-06,30,16.9,3595.5,507.2,7.09797794117647,2.471360294117647,0.1412326139426715,WRANGELL MEDICAL CENTER LTC,AK,,,Non profit - Corporation,Medicare and Medicaid,18.0,5.0,5.0,4.0,0.9388888888888888
025018,2024-04,30,48.4,7221.4,0.0,4.979638810431049,1.428173744837127,0.0,PROVIDENCE TRANSITIONAL CARE CENTER,AK,,,For profit - Corporation,Medicare and Medicaid,50.0,3.0,5.0,4.0,0.968
025018,2024-05,31,48.03225806451613,7085.75,0.0,4.760300028191576,1.5457885651771974,0.0,PROVIDENCE TRANSITIONAL CARE CENTER,AK,,,For profit - Corporation,Medicare and Medicaid,50.0,3.0,5.0,4.0,0.9606451612903225
025018,2024-06,30,46.43333333333333,7270.14,0.0,5.230454912413745,1.8006441704300464,0.0,PROVIDENCE TRANSITIONAL CARE CENTER,AK,,,For profit - Corporation,Medicare and Medicaid,50.0,3.0,5.0,4.0,0.9286666666666666
025020,2024-04,30,75.83333333333333,10597.85,1478.02,4.658064086766332,0.827462504675212,0.14010146245587413,DENALI CENTER,AK,,,Non profit - Corporation,Medicare and Medicaid,90.0,5.0,5.0,5.0,0.8425925925925926
025020,2024-05,31,75.3225806451613,10797.539999999999,1452.44,4.625498484098408,0.895319407756929,0.1346146941569136,DENALI CENTER,AK,,,Non profit - Corporation,Medicare and Medicaid,90.0,5.0,5.0,5.0,0.8369175627240144
025020,2024-06,30,74.66666666666667,10231.21,917.84,4.5673122076475385,0.9235847996068147,0.08949544449338846,DENALI CENTER,AK,,,Non profit - Corporation,Medicare and Medicaid,90.0,5.0,5.0,5.0,0.8296296296296297
025021,2024-04,30,45.06666666666667,8681.6,0.0,6.421665130407547,1.5784095249767645,0.0,HERITAGE PLACE,AK,,,Non profit - Corporation,Medicare and Medicaid,60.0,5.0,5.0,5.0,0.7511111111111112
025021,2024-05,31,43.58064516129032,8991.25,0.0,6.654210653524476,1.6583564469368801,0.0,HERITAGE PLACE,AK,,,Non profit - Corporation,Medicare and Medicaid,60.0,5.0,5.0,5.0,0.7263440860215054
025021,2024-06,30,42.56666666666667,8243.25,0.0,6.458319076225345,1.6364696975835662,0.0,HERITAGE PLACE,AK,,,Non profit - Corporation,Medicare and Medicaid,60.0,5.0,5.0,5.0,0.7094444444444445
025024,2024-04,30,38.266666666666666,7230.55,3288.3,6.3001992802519124,1.0423920377867746,0.45652675985209135,PROVIDENCE SEWARD MOUNTAIN HAVEN,AK,,,Government - City/county,Medicare and Medicaid,40.0,2.0,4.0,1.0,0.9566666666666667
025024,2024-05,31,39.096774193548384,6985.2,2994.37,5.764227711026947,0.7386103891863655,0.4252206478639024,PROVIDENCE SEWARD MOUNTAIN HAVEN,AK,,,Government - City/county,Medicare and Medicaid,40.0,2.0,4.0,1.0,0.9774193548387096
025024,2024-06,30,39.333333333333336,7137.72,2799.36,6.054659930274403,0.9467213900134953,0.38940938150363824,PROVIDENCE SEWARD MOUNTAIN HAVEN,AK,,,Government - City/county,Medicare and Medicaid,40.0,2.0,4.0,1.0,0.9833333333333334
025025,2024-04,30,98.06666666666666,13387.68,762.28,4.5516733715791515,0.8556403875598456,0.05745314007053741,PRESTIGE CARE & REHAB CENTER OF ANCHORAGE,AK,,,For profit - Corporation,Medicare and Medicaid,102.0,2.0,5.0,3.0,0.9614379084967319
025025,2024-05,31,95.83870967741936,13329.67,552.8100000000001,4.487018981309367,0.8680292951671224,0.042156855103345124,PRESTIGE CARE & REHAB CENTER OF ANCHORAGE,AK,,,For profit - Corporation,Medicare and Medicaid,102.0,2.0,5.0,3.0,0.9395951929158761
025025,2024-06,30,97.03333333333333,12958.93,280.06,4.451873045070558,0.8156600975657613,0.022252063510932327,PRESTIGE CARE & REHAB CENTER OF ANCHORAGE,AK,,,For profit - Corporation,Medicare and Medicaid,102.0,2.0,5.0,3.0,0.9513071895424836
025027,2024-04,30,46.03333333333333,8389.75,2896.5,6.0733941480796245,1.3161378353376503,0.3456668987676124,WILDFLOWER COURT,AK,,,Government - City/county,Medicare and Medicaid,57.0,1.0,4.0,4.0,0.8076023391812865
025027,2024-05,31,44.903225806451616,8632.22,2796.72,6.20223638913681,1.281442191905025,0.3254574688511417,WILDFLOWER COURT,AK,,,Government - City/county,Medicare and Medicaid,57.0,1.0,4.0,4.0,0.7877758913412564
025027,2024-06,30,46.8,7212.25,2260.25,5.139250392726868,1.2169775393725828,0.3175020623820178,WILDFLOWER COURT,AK,,,Government - City/county,Medicare and Medicaid,57.0,1.0,4.0,4.0,0.8210526315789474
025028,2024-04,30,9.0,1979.95,0.0,7.333148148148148,1.8962962962962961,0.0,CORDOVA COMMUNITY MED LTC,AK,,,Government - City/county,Medicare and Medicaid,10.0,5.0,5.0,5.0,0.9
025028,2024-05,31,8.483870967741936,2155.75,0.0,8.224574372759855,3.0991263440860215,0.0,CORDOVA COMMUNITY MED LTC,AK,,,Government - City/county,Medicare and Medicaid,10.0,5.0,5.0,5.0,0.8483870967741935
025028,2024-06,30,8.0,2016.75,0.0,8.403125,3.05625,0.0,CORDOVA COMMUNITY MED LTC,AK,,,Government - City/county,Medicare and Medicaid,10.0,5.0,5.0,5.0,0.8
025032,2024-04,30,16.8,3612.85,296.05,7.170661764705883,2.932536764705882,0.08423575613749427,SEARHC SITKA LONG TERM CARE,AK,,,Non profit - Corporation,Medicare and Medicaid,19.0,5.0,5.0,4.0,0.8842105263157896
025032,2024-05,31,16.516129032258064,3666.7,319.4,7.161290322580645,2.7969520872865274,0.0879694523203824,SEARHC SITKA LONG TERM CARE,AK,,,Non profit - Corporation,Medicare and Medicaid,19.0,5.0,5.0,4.0,0.8692699490662139
025032,2024-06,30,17.4,3459.6,317.8,6.635708061002179,2.3213071895424835,0.09390735670808652,SEARHC SITKA LONG TERM CARE,AK,,,Non profit - Corporation,Medicare and Medicaid,19.0,5.0,5.0,4.0,0.9157894736842105
025036,2024-04,30,95.2,14556.12,1352.25,5.096820311527933,1.4326463333644395,0.09287876178916535,PROVIDENCE EXTENDED CARE,AK,,,Non profit - Corporation,Medicare and Medicaid,96.0,2.0,5.0,4.0,0.9916666666666667
025036,2024-05,31,96.0,14596.08,1369.3,4.9049702525248104,1.4457181561736066,0.0934292117372104,PROVIDENCE EXTENDED CARE,AK,,,Non profit - Corporation,Medicare and Medicaid,96.0,2.0,5.0,4.0,1.0
025036,2024-06,30,94.0,12295.26,234.07,4.360327284807282,1.3861000767587184,0.020420686985085406,PROVIDENCE EXTENDED CARE,AK,,,Non profit - Corporation,Medicare and Medicaid,96.0,2.0,5.0,4.0,0.9791666666666666
025037,2024-04,30,17.1,3680.5,1440.38,7.178518110021787,1.0509074074074074,0.39633209343471154,YUKON KUSKOKWIM ELDER'S HOME,AK,,,Non profit - Corporation,Medicare and Medicaid,18.0,3.0,4.0,3.0,0.9500000000000001
025037,2024-05,31,16.838709677419356,4054.29,1638.42,7.7659143738140415,0.8597485768500949,0.4062739997337053,YUKON KUSKOKWIM ELDER'S HOME,AK,,,Non profit - Corporation,Medicare and Medicaid,18.0,3.0,4.0,3.0,0.935483870967742
025037,2024-06,30,15.2,4140.89,1705.34,9.095715277777778,1.1119124999999999,0.41214605390384096,YUKON KUSKOKWIM ELDER'S HOME,AK,,,Non profit - Corporation,Medicare and Medicaid,18.0,3.0,4.0,3.0,0.8444444444444444
025038,2024-04,30,52.3,9011.380000000001,0.0,5.7557166120814545,1.6888909730077477,0.0,MAPLE SPRINGS OF WASILLA,AK,,,For profit - Limited Liability company,Medicare and Medicaid,67.0,3.0,5.0,4.0,0.7805970149253731
025038,2024-05,31,50.45161290322581,9237.93,0.0,5.921307790285068,1.7680644840638082,0.0,MAPLE SPRINGS OF WASILLA,AK,,,For profit - Limited Liability company,Medicare and Medicaid,67.0,3.0,5.0,4.0,0.7530091478093404
025038,2024-06,30,52.46666666666667,8861.78,0.0,5.630908242991821,1.5602921769581104,0.0,MAPLE SPRINGS OF WASILLA,AK,,,For profit - Limited Liability company,Medicare and Medicaid,67.0,3.0,5.0,4.0,0.7830845771144279
025039,2024-04,30,63.733333333333334,9270.53,0.0,4.848610375075927,1.0755785177924588,0.0,MAPLE SPRINGS OF PALMER,AK,,,For profit - Limited Liability company,Medicare and Medicaid,67.0,1.0,4.0,3.0,0.9512437810945273
025039,2024-05,31,63.645161290322584,9808.91,0.0,4.972686137631025,1.2215967789793643,0.0,MAPLE SPRINGS OF PALMER,AK,,,For profit - Limited Liability company,Medicare and Medicaid,67.0,1.0,4.0,3.0,0.9499277804525759
025039,2024-06,30,59.833333333333336,9338.13,0.0,5.209131963523785,1.2167577413909094,0.0,MAPLE SPRINGS OF PALMER,AK,,,For profit - Limited Liability company,Medicare and Medicaid,67.0,1.0,4.0,3.0,0.8930348258706468
035003,2024-04,30,47.36666666666667,6469.48,0.0,4.553503745195489,1.0525888693984864,0.0,THE TERRACES OF PHOENIX,AZ,,,Non profit - Corporation,Medicare and Medicaid,64.0,5.0,5.0,4.0,0.7401041666666667
035003,2024-05,31,49.25806451612903,6711.83,0.0,4.404394432853933,0.9751761205212718,0.0,THE TERRACES OF PHOENIX,AZ,,,Non profit - Corporation,Medicare and Medicaid,64.0,5.0,5.0,4.0,0.7696572580645161
035003,2024-06,30,49.4,6413.07,0.0,4.348047651601182,0.9488625542969112,0.0,THE TERRACES OF PHOENIX,AZ,,,Non profit - Corporation,Medicare and Medicaid,64.0,5.0,5.0,4.0,0.771875
035004,2024-04,30,116.16666666666667,14349.7,0.0,4.117774815920875,0.29944353689102365,0.0,SANTA ROSA CARE CENTER,AZ,,,For profit - Limited Liability company,Medicare and Medicaid,144.0,1.0,4.0,1.0,0.806712962962963
035004,2024-05,31,118.51612903225806,15152.85,0.0,4.1249639291586035,0.2878134610309055,0.0,SANTA ROSA CARE CENTER,AZ,,,For profit - Limited Liability company,Medicare and Medicaid,144.0,1.0,4.0,1.0,0.8230286738351255
035004,2024-06,30,118.7,15615.1,0.0,4.384783831553772,0.2805677788571607,0.0,SANTA ROSA CARE CENTER,AZ,,,For profit - Limited Liability company,Medicare and Medicaid,144.0,1.0,4.0,1.0,0.8243055555555556
035014,2024-04,30,82.63333333333334,7639.5,874.88,3.086760024261323,0.35814552042399467,0.11294121632113382,DESERT TERRACE HEALTHCARE CENTER,AZ,,,For profit - Corporation,Medicare and Medicaid,108.0,3.0,2.0,5.0,0.7651234567901235
035014,2024-05,31,91.12903225806451,8752.99,1659.3600000000001,3.0972348872841837,0.38911330529562577,0.18916844546130443,DESERT TERRACE HEALTHCARE CENTER,AZ,,,For profit - Corporation,Medicare and Medicaid,108.0,3.0,2.0,5.0,0.8437873357228196
035014,2024-06,30,85.16666666666667,7679.51,523.4,3.00524395419446,0.4128834855153119,0.07028614002768287,DESERT TERRACE HEALTHCARE CENTER,AZ,,,For profit - Corporation,Medicare and Medicaid,108.0,3.0,2.0,5.0,0.7885802469135803
035016,2024-04,30,79.46666666666667,8381.92,2131.03,3.517700870395971,0.6993301218911482,0.25621061291579156,HANDMAKER HOME FOR THE AGING,AZ,,,Non profit - Corporation,Medicare and Medicaid,94.0,2.0,2.0,3.0,0.8453900709219858
035016,2024-05,31,83.7741935483871,9326.76,2125.37,3.592287480867408,0.5541518055377319,0.2275091163088725,HANDMAKER HOME FOR THE AGING,AZ,,,Non profit - Corporation,Medicare and Medicaid,94.0,2.0,2.0,3.0,0.8912148249828415
035016,2024-06,30,78.8,8734.38,1212.25,3.6992112297244173,0.45348701700383603,0.13751065792476955,HANDMAKER HOME FOR THE AGING,AZ,,,Non profit - Corporation,Medicare and Medicaid,94.0,2.0,2.0,3.0,0.8382978723404255
035059,2024-04,30,54.63333333333333,4619.08,0.0,2.8198920286028124,0.3039301167341945,0.0,HAVEN OF SCOTTSDALE,AZ,,,For profit - Corporation,Medicare and Medicaid,56.0,4.0,1.0,5.0,0.9755952380952381
035059,2024-05,31,55.0,4938.64,0.0,2.897599117473617,0.28156849570364645,0.0,HAVEN OF SCOTTSDALE,AZ,,,For profit - Corporation,Medicare and Medicaid,56.0,4.0,1.0,5.0,0.9821428571428571
035059,2024-06,30,55.4,4772.16,0.0,2.8706330181745128,0.28767951798237607,0.0,HAVEN OF SCOTTSDALE,AZ,,,For profit - Corporation,Medicare and Medicaid,56.0,4.0,1.0,5.0,0.9892857142857142
035062,2024-04,30,84.53333333333333,10340.5,0.0,4.0787117017349575,0.16608833944143261,0.0,DESERT HAVEN CARE CENTER,AZ,,,For profit - Limited Liability company,Medicare and Medicaid,115.0,2.0,4.0,3.0,0.735072463768116
035062,2024-05,31,81.41935483870968,10244.5,0.0,4.060520847802385,0.21191599995822183,0.0,DESERT HAVEN CARE CENTER,AZ,,,For profit - Limited Liability company,Medicare and Medicaid,115.0,2.0,4.0,3.0,0.7079943899018233
035062,2024-06,30,83.23333333333333,9832.75,0.0,3.937726934638927,0.22568767346695173,0.0,DESERT HAVEN CARE CENTER,AZ,,,For profit - Limited Liability company,Medicare and Medicaid,115.0,2.0,4.0,3.0,0.723768115942029
035064,2024-04,30,128.93333333333334,15448.79,246.59,3.9948234733087755,0.5973893094763355,0.01594149648200721,FOOTHILLS REHABILITATION CENTER,AZ,,,For profit - Limited Liability company,Medicare and Medicaid,149.0,3.0,3.0,3.0,0.8653243847874721
035064,2024-05,31,127.48387096774194,16339.11,426.51,4.134499756865488,0.7178891775111504,0.025709729516874783,FOOTHILLS REHABILITATION CENTER,AZ,,,For profit - Limited Liability company,Medicare and Medicaid,149.0,3.0,3.0,3.0,0.8555964494479325
035064,2024-06,30,122.5,15721.91,148.81,4.2806165174010005,0.6476642121223285,0.009527415886018877,FOOTHILLS REHABILITATION CENTER,AZ,,,For profit - Limited Liability company,Medicare and Medicaid,149.0,3.0,3.0,3.0,0.8221476510067114
035068,2024-04,30,80.56666666666666,7775.13,12.75,3.2197075662011203,0.0883214335973628,0.0016468510783701552,PUEBLO SPRINGS REHABILITATION CENTER,AZ,,,For profit - Limited Liability company,Medicare and Medicaid,129.0,2.0,2.0,4.0,0.624547803617571
035068,2024-05,31,74.80645161290323,7182.24,6.67,3.0998799361565315,0.10003369676603309,0.0008909500261373854,PUEBLO SPRINGS REHABILITATION CENTER,AZ,,,For profit - Limited Liability company,Medicare and Medicaid,129.0,2.0,2.0,4.0,0.5798949737434359
035068,2024-06,30,74.76666666666667,7253.96,31.79,3.2384842160963547,0.13179650191743567,0.004846422041301169,PUEBLO SPRINGS REHABILITATION CENTER,AZ,,,For profit - Limited Liability company,Medicare and Medicaid,129.0,2.0,2.0,4.0,0.5795865633074936
035070,2024-04,30,157.6,18337.6,2775.6,3.879922374153076,0.22974149739795943,0.15280418983062055,CASAS ADOBES POST ACUTE REHAB CENTER,AZ,,,For profit - Limited Liability company,Medicare and Medicaid,230.0,2.0,3.0,4.0,0.6852173913043478
035070,2024-05,31,157.3548387096774,17896.97,1756.36,3.6707254939906644,0.19980728936949058,0.10059084489838202,CASAS ADOBES POST ACUTE REHAB CENTER,AZ,,,For profit - Limited Liability company,Medicare and Medicaid,230.0,2.0,3.0,4.0,0.6841514726507714
035070,2024-06,30,156.0,17873.59,1345.4,3.8189524041058323,0.1491110902112549,0.0788223417474895,CASAS ADOBES POST ACUTE REHAB CENTER,AZ,,,For profit - Limited Liability company,Medicare and Medicaid,230.0,2.0,3.0,4.0,0.6782608695652174
035071,2024-04,30,149.83333333333334,13311.82,0.0,2.9625275848601667,0.4505967169667235,0.0,MISSION PALMS POST ACUTE,AZ,,,For profit - Corporation,Medicare and Medicaid,160.0,3.0,2.0,4.0,0.9364583333333334
035071,2024-05,31,149.80645161290323,13601.14,0.0,2.931700153855425,0.4603050488584678,0.0,MISSION PALMS POST ACUTE,AZ,,,For profit - Corporation,Medicare and Medicaid,160.0,3.0,2.0,4.0,0.9362903225806452
035071,2024-06,30,141.33333333333334,12815.039999999999,0.0,3.023573371787936,0.4970189561114456,0.0,MISSION PALMS POST ACUTE,AZ,,,For profit - Corporation,Medicare and Medicaid,160.0,3.0,2.0,4.0,0.8833333333333334
035072,2024-04,30,114.0,11895.11,0.0,3.4780890599566336,0.21307176893645866,0.0,PHOENIX MOUNTAIN POST ACUTE,AZ,,,For profit - Corporation,Medicare and Medicaid,130.0,2.0,2.0,4.0,0.8769230769230769
035072,2024-05,31,114.70967741935483,12374.96,0.0,3.4821367754511976,0.19519781047433712,0.0,PHOENIX MOUNTAIN POST ACUTE,AZ,,,For profit - Corporation,Medicare and Medicaid,130.0,2.0,2.0,4.0,0.8823821339950372
035072,2024-06,30,110.1,11316.73,0.0,3.4309155413111245,0.19174474841702188,0.0,PHOENIX MOUNTAIN POST ACUTE,AZ,,,For profit - Corporation,Medicare and Medicaid,130.0,2.0,2.0,4.0,0.8469230769230769
035073,2024-04,30,95.8,8002.41,0.0,2.784620596045187,0.21876906412586222,0.0,"HAVEN HEALTH GREEN VALLEY, LLC",AZ,,,For profit - Limited Liability company,Medicare and Medicaid,111.0,2.0,3.0,5.0,0.863063063063063
035073,2024-05,31,93.06451612903226,8494.59,0.0,2.9479552858017857,0.25159068451988675,0.0,"HAVEN HEALTH GREEN VALLEY, LLC",AZ,,,For profit - Limited Liability company,Medicare and Medicaid,111.0,2.0,3.0,5.0,0.8384190642255158
035073,2024-06,30,95.8,8162.06,0.0,2.8414152785168882,0.22973300535511673,0.0,"HAVEN HEALTH GREEN VALLEY, LLC",AZ,,,For profit - Limited Liability company,Medicare and Medicaid,111.0,2.0,3.0,5.0,0.863063063063063
035074,2024-04,30,60.36666666666667,5756.12,1363.72,3.213535572089803,1.0140959953146662,0.47910959085499366,FRIENDSHIP VILLAGE OF TEMPE,AZ,,,Non profit - Other,Medicare,128.0,5.0,5.0,4.0,0.47161458333333334
035074,2024-05,31,58.516129032258064,10038.789999999999,894.14,5.5677981184221865,1.7822460926078372,0.08954269752281224,FRIENDSHIP VILLAGE OF TEMPE,AZ,,,Non profit - Other,Medicare,128.0,5.0,5.0,4.0,0.4571572580645161
035074,2024-06,30,56.36666666666667,9385.3,519.23,5.578920218937531,1.8623635781108883,0.05532505509595984,FRIENDSHIP VILLAGE OF TEMPE,AZ,,,Non profit - Other,Medicare,128.0,5.0,5.0,4.0,0.44036458333333334
035076,2024-04,30,101.43333333333334,11669.11,0.0,3.8380511755018523,0.4994273384831923,0.0,OSBORN HEALTH AND REHABILITATION,AZ,,,For profit - Corporation,Medicare and Medicaid,130.0,3.0,3.0,4.0,0.7802564102564102
035076,2024-05,31,96.96774193548387,12125.289999999999,0.0,4.036220109965478,0.6322961275680687,0.0,OSBORN HEALTH AND REHABILITATION,AZ,,,For profit - Corporation,Medicare and Medicaid,130.0,3.0,3.0,4.0,0.7459057071960298
035076,2024-06,30,100.36666666666666,11305.85,0.0,3.762270269986682,0.5541012137023966,0.0,OSBORN HEALTH AND REHABILITATION,AZ,,,For profit - Corporation,Medicare and Medicaid,130.0,3.0,3.0,4.0,0.772051282051282
035083,2024-04,30,60.43333333333333,6546.9,41.68,3.6106803914244834,0.28251440402492134,0.006383149065361519,HERITAGE COURT POST ACUTE OF SCOTTSDALE,AZ,,,For profit - Corporation,Medicare and Medicaid,108.0,4.0,3.0,4.0,0.5595679012345679
035083,2024-05,31,57.61290322580645,6374.51,3.67,3.573483814762889,0.18984980355863448,0.0005246254266305139,HERITAGE COURT POST ACUTE OF SCOTTSDALE,AZ,,,For profit - Corporation,Medicare and Medicaid,108.0,4.0,3.0,4.0,0.533452807646356
035083,2024-06,30,60.7,6030.03,0.0,3.3169353644643564,0.18476424863525853,0.0,HERITAGE COURT POST ACUTE OF SCOTTSDALE,AZ,,,For profit - Corporation,Medicare and Medicaid,108.0,4.0,3.0,4.0,0.5620370370370371
035084,2024-04,30,134.16666666666666,23760.51,2334.36,5.908297135469357,1.1343552797476428,0.09792807470463895,PLAZA HEALTHCARE,AZ,,,For profit - Partnership,Medicare and Medicaid,179.0,5.0,3.0,5.0,0.749534450651769
035084,2024-05,31,131.0,23902.1,1841.27,5.887064980005484,1.1071383006301683,0.07672250616975489,PLAZA HEALTHCARE,AZ,,,For profit - Partnership,Medicare and Medicaid,179.0,5.0,3.0,5.0,0.7318435754189944
035084,2024-06,30,134.13333333333333,23240.85,2460.54,5.777038958570088,1.0498928941265058,0.1063167154325013,PLAZA HEALTHCARE,AZ,,,For profit - Partnership,Medicare and Medicaid,179.0,5.0,3.0,5.0,0.7493482309124767
035085,2024-04,30,94.86666666666666,7868.34,0.0,2.765883394013318,0.20723989299011203,0.0,HAVEN OF SAGUARO VALLEY,AZ,,,For profit - Corporation,Medicare and Medicaid,112.0,2.0,1.0,5.0,0.8470238095238095
035085,2024-05,31,93.54838709677419,8346.27,0.0,2.883086277355336,0.2308517910314548,0.0,HAVEN OF SAGUARO VALLEY,AZ,,,For profit - Corporation,Medicare and Medicaid,112.0,2.0,1.0,5.0,0.8352534562211982
035085,2024-06,30,97.26666666666667,8212.89,0.0,2.8194492694889446,0.19214125331500365,0.0,HAVEN OF SAGUARO VALLEY,AZ,,,For profit - Corporation,Medicare and Medicaid,112.0,2.0,1.0,5.0,0.868452380952381
035086,2024-04,30,77.76666666666667,6794.45,0.0,2.9125158015567694,0.5038458276812298,0.0,"HAVEN OF SIERRA VISTA, LLC",AZ,,,For profit - Limited Liability company,Medicare and Medicaid,100.0,1.0,1.0,4.0,0.7776666666666666
035086,2024-05,31,84.7741935483871,7232.9800000000005,0.0,2.754514979061492,0.4969421880947566,0.0,"HAVEN OF SIERRA VISTA, LLC",AZ,,,For profit - Limited Liability company,Medicare and Medicaid,100.0,1.0,1.0,4.0,0.847741935483871
035086,2024-06,30,89.63333333333334,7228.11,0.0,2.688698033654336,0.5627101989513609,0.0,"HAVEN OF SIERRA VISTA, LLC",AZ,,,For profit - Limited Liability company,Medicare and Medicaid,100.0,1.0,1.0,4.0,0.8963333333333334
035087,2024-04,30,145.03333333333333,28136.74,2236.35,6.468859366929488,1.4154772721650708,0.07578768778151737,NORTH MOUNTAIN MEDICAL AND REHABILITATION CENTER,AZ,,,For profit - Corporation,Medicare and Medicaid,155.0,5.0,2.0,5.0,0.9356989247311828
035087,2024-05,31,139.16129032258064,28615.85,2227.88,6.634314998717043,1.4138464619175195,0.07521221692332972,NORTH MOUNTAIN MEDICAL AND REHABILITATION CENTER,AZ,,,For profit - Corporation,Medicare and Medicaid,155.0,5.0,2.0,5.0,0.8978147762747138
035087,2024-06,30,134.53333333333333,25723.98,1964.2,6.373586090343138,1.3242527527490824,0.07367051196850376,NORTH MOUNTAIN MEDICAL AND REHABILITATION CENTER,AZ,,,For profit - Corporation,Medicare and Medicaid,155.0,5.0,2.0,5.0,0.8679569892473118
035088,2024-04,30,75.86666666666666,7340.0,0.0,3.2312983998752185,0.5677945750222129,0.0,CAMELBACK POST ACUTE CARE AND REHABILITATION,AZ,,,For profit - Corporation,Medicare and Medicaid,107.0,4.0,3.0,5.0,0.7090342679127726
035088,2024-05,31,85.45161290322581,7922.4800000000005,560.3,2.9952165165831195,0.3682147007370632,0.07423686921495674,CAMELBACK POST ACUTE CARE AND REHABILITATION,AZ,,,For profit - Corporation,Medicare and Medicaid,107.0,4.0,3.0,5.0,0.798613204703045
035088,2024-06,30,81.73333333333333,7598.13,816.78,3.0959901456398224,0.24037506642446568,0.11257725745019574,CAMELBACK POST ACUTE CARE AND REHABILITATION,AZ,,,For profit - Corporation,Medicare and Medicaid,107.0,4.0,3.0,5.0,0.7638629283489097
035091,2024-04,30,78.73333333333333,7013.81,0.0,2.9709638811004453,0.301275617920596,0.0,HAVEN OF FLAGSTAFF,AZ,,,For profit - Limited Liability company,Medicare and Medicaid,83.0,3.0,2.0,4.0,0.9485943775100402
035091,2024-05,31,75.93548387096774,7208.83,0.0,3.061105345849536,0.3080886695785699,0.0,HAVEN OF FLAGSTAFF,AZ,,,For profit - Limited Liability company,Medicare and Medicaid,83.0,3.0,2.0,4.0,0.9148853478429849
035091,2024-06,30,76.36666666666666,7495.87,0.0,3.2738390671613797,0.387988729516761,0.0,HAVEN OF FLAGSTAFF,AZ,,,For profit - Limited Liability company,Medicare and Medicaid,83.0,3.0,2.0,4.0,0.9200803212851405
035092,2024-04,30,163.53333333333333,18430.2,0.0,3.7573480336214646,0.15189830292851383,0.0,BELLA VITA HEALTH AND REHABILITATION CENTER,AZ,,,For profit - Corporation,Medicare and Medicaid,176.0,5.0,3.0,5.0,0.9291666666666667
035092,2024-05,31,161.06451612903226,18307.02,0.0,3.6661920144544613,0.1178027477359044,0.0,BELLA VITA HEALTH AND REHABILITATION CENTER,AZ,,,For profit - Corporation,Medicare and Medicaid,176.0,5.0,3.0,5.0,0.9151392961876833
035092,2024-06,30,160.43333333333334,17912.54,0.0,3.723861515786363,0.146355492025011,0.0,BELLA VITA HEALTH AND REHABILITATION CENTER,AZ,,,For profit - Corporation,Medicare and Medicaid,176.0,5.0,3.0,5.0,0.9115530303030304
035093,2024-04,30,61.333333333333336,4066.46,225.66,2.2190512441780252,0.41802907808190404,0.05711803470125454,HAVEN OF COTTONWOOD,AZ,,,For profit - Limited Liability company,Medicare and Medicaid,80.0,1.0,1.0,3.0,0.7666666666666667
035093,2024-05,31,56.903225806451616,3846.86,92.0,2.1852050705296984,0.39421586108413087,0.023649993923024453,HAVEN OF COTTONWOOD,AZ,,,For profit - Limited Liability company,Medicare and Medicaid,80.0,1.0,1.0,3.0,0.7112903225806452
035093,2024-06,30,56.46666666666667,3911.6000000000004,0.0,2.3133844353923956,0.34130012932314985,0.0,HAVEN OF COTTONWOOD,AZ,,,For profit - Limited Liability company,Medicare and Medicaid,80.0,1.0,1.0,3.0,0.7058333333333333
035094,2024-04,30,74.36666666666666,6030.12,5.5,2.70588212340685,0.43322205011277976,0.0008618528268772722,HAVEN OF SEDONA,AZ,,,For profit - Corporation,Medicare and Medicaid,112.0,1.0,2.0,3.0,0.6639880952380952
035094,2024-05,31,71.19354838709677,6275.03,0.0,2.8513243902328274,0.4163608914928756,0.0,HAVEN OF SEDONA,AZ,,,For profit - Corporation,Medicare and Medicaid,112.0,1.0,2.0,3.0,0.6356566820276497
035094,2024-06,30,65.4,5659.2699999999995,0.0,2.8877527111800365,0.46172350983853566,0.0,HAVEN OF SEDONA,AZ,,,For profit - Corporation,Medicare and Medicaid,112.0,1.0,2.0,3.0,0.5839285714285715
035095,2024-04,30,50.9,5389.57,0.0,3.5316216919751033,0.3794536520832382,0.0,DESERT COVE NURSING CENTER,AZ,,,For profit - Corporation,Medicare and Medicaid,120.0,1.0,3.0,4.0,0.42416666666666664
035095,2024-05,31,47.41935483870968,5207.71,0.0,3.5480399133808027,0.4601120888029692,0.0,DESERT COVE NURSING CENTER,AZ,,,For profit - Corporation,Medicare and Medicaid,120.0,1.0,3.0,4.0,0.3951612903225807
035095,2024-06,30,48.2,4749.33,0.0,3.285950544169496,0.49010917539986837,0.0,DESERT COVE NURSING CENTER,AZ,,,For profit - Corporation,Medicare and Medicaid,120.0,1.0,3.0,4.0,0.40166666666666667
035096,2024-04,30,95.73333333333333,9094.04,0.0,3.1678853336150428,0.4442428886982935,0.0,"HAVEN OF SANDPOINTE, LLC",AZ,,,For profit - Limited Liability company,Medicare and Medicaid,143.0,4.0,3.0,5.0,0.6694638694638695
035096,2024-05,31,100.51612903225806,9084.11,0.0,2.917228156743884,0.45085276549189696,0.0,"HAVEN OF SANDPOINTE, LLC",AZ,,,For profit - Limited Liability company,Medicare and Medicaid,143.0,4.0,3.0,5.0,0.7029099932325739
035096,2024-06,30,102.06666666666666,8671.0,0.0,2.835643608216964,0.4625215022115707,0.0,"HAVEN OF SANDPOINTE, LLC",AZ,,,For profit - Limited Liability company,Medicare and Medicaid,143.0,4.0,3.0,5.0,0.7137529137529137
035097,2024-04,30,66.4,5256.5199999999995,762.19,2.64384512333371,0.08820478919594371,0.14795746699827184,THE LEGACY REHAB & CARE CENTER,AZ,,,For profit - Corporation,Medicare and Medicaid,120.0,4.0,3.0,3.0,0.5533333333333333
035097,2024-05,31,62.29032258064516,5335.81,906.72,2.770523695707433,0.10736476267230795,0.1738006564511656,THE LEGACY REHAB & CARE CENTER,AZ,,,For profit - Corporation,Medicare and Medicaid,120.0,4.0,3.0,3.0,0.5190860215053763
035097,2024-06,30,60.0,5048.37,403.57,2.8106720523639894,0.13091031188064414,0.08252986146252496,THE LEGACY REHAB & CARE CENTER,AZ,,,For profit - Corporation,Medicare and Medicaid,120.0,4.0,3.0,3.0,0.5
035099,2024-04,30,149.56666666666666,14966.07,5099.7,3.3354844580281973,0.5019208460161536,0.3408167357106538,SANDSTONE OF TUCSON REHAB CENTRE,AZ,,,For profit - Limited Liability company,Medicare and Medicaid,240.0,1.0,3.0,4.0,0.6231944444444444
035099,2024-05,31,146.32258064516128,14446.01,3334.15,3.1858703406185493,0.43452906030086247,0.2310165510565352,SANDSTONE OF TUCSON REHAB CENTRE,AZ,,,For profit - Limited Liability company,Medicare and Medicaid,240.0,1.0,3.0,4.0,0.6096774193548387
035099,2024-06,30,147.96666666666667,14350.15,2719.7,3.2352857383701927,0.4658864337850232,0.18973852035926628,SANDSTONE OF TUCSON REHAB CENTRE,AZ,,,For profit - Limited Liability company,Medicare and Medicaid,240.0,1.0,3.0,4.0,0.6165277777777778
035100,2024-04,30,50.0,3812.75,0.0,2.5427814931245845,0.3088790941509647,0.0,HAVASU NURSING CENTER,AZ,,,For profit - Corporation,Medicare and Medicaid,118.0,2.0,2.0,4.0,0.423728813559322
035100,2024-05,31,44.74193548387097,3720.0,0.0,2.68621110218235,0.3251953059749581,0.0,HAVASU NURSING CENTER,AZ,,,For profit - Corporation,Medicare and Medicaid,118.0,2.0,2.0,4.0,0.37916894477856755
035100,2024-06,30,44.3,3599.5,0.0,2.7108396116375646,0.31892698543495607,0.0,HAVASU NURSING CENTER,AZ,,,For profit - Corporation,Medicare and Medicaid,118.0,2.0,2.0,4.0,0.3754237288135593
035101,2024-04,30,102.36666666666666,12228.25,0.0,3.9808747495773096,0.6095540347483157,0.0,CHANDLER POST ACUTE AND REHABILITATION,AZ,,,For profit - Corporation,Medicare and Medicaid,120.0,5.0,4.0,5.0,0.8530555555555555
035101,2024-05,31,99.3225806451613,12050.93,1.42,3.914596360593526,0.5446348092724763,0.0001287226164003827,CHANDLER POST ACUTE AND REHABILITATION,AZ,,,For profit - Corporation,Medicare and Medicaid,120.0,5.0,4.0,5.0,0.8276881720430108
035101,2024-06,30,100.03333333333333,11632.880000000001,7.13,3.876388209342511,0.5075290227112259,0.0005785401894704338,CHANDLER POST ACUTE AND REHABILITATION,AZ,,,For profit - Corporation,Medicare and Medicaid,120.0,5.0,4.0,5.0,0.8336111111111111
035103,2024-04,30,121.0,12139.13,0.0,3.3438357429239574,0.3638730055716098,0.0,CITADEL POST ACUTE,AZ,,,For profit - Corporation,Medicare and Medicaid,128.0,5.0,3.0,5.0,0.9453125
035103,2024-05,31,115.29032258064517,12510.5,0.0,3.5008161865866847,0.34918648615184117,0.0,CITADEL POST ACUTE,AZ,,,For profit - Corporation,Medicare and Medicaid,128.0,5.0,3.0,5.0,0.9007056451612904
035103,2024-06,30,109.53333333333333,12014.06,0.0,3.6606141299546207,0.3352515009748133,0.0,CITADEL POST ACUTE,AZ,,,For profit - Corporation,Medicare and Medicaid,128.0,5.0,3.0,5.0,0.8557291666666667
035105,2024-04,30,97.16666666666667,8288.15,0.0,2.8444476070821976,0.3782193769737831,0.0,SHEA POST ACUTE REHABILITATION CENTER,AZ,,,For profit - Corporation,Medicare and Medicaid,120.0,3.0,3.0,5.0,0.8097222222222222
035105,2024-05,31,94.0,8329.130000000001,0.0,2.8575930079390126,0.43563686095326093,0.0,SHEA POST ACUTE REHABILITATION CENTER,AZ,,,For profit - Corporation,Medicare and Medicaid,120.0,3.0,3.0,5.0,0.7833333333333333
035105,2024-06,30,99.56666666666666,8072.13,0.0,2.7019200712659353,0.34882621191556834,0.0,SHEA POST ACUTE REHABILITATION CENTER,AZ,,,For profit - Corporation,Medicare and Medicaid,120.0,3.0,3.0,5.0,0.8297222222222221
035106,2024-04,30,58.166666666666664,5372.47,0.0,3.0796280229227557,0.3119656093981131,0.0,TEMPE POST ACUTE,AZ,,,For profit - Corporation,Medicare and Medicaid,60.0,5.0,3.0,5.0,0.9694444444444444
035106,2024-05,31,52.645161290322584,5331.75,0.0,3.2642842877019653,0.2935716920792056,0.0,TEMPE POST ACUTE,AZ,,,For profit - Corporation,Medicare and Medicaid,60.0,5.0,3.0,5.0,0.8774193548387097
035106,2024-06,30,55.1,5353.8,0.0,3.249693954905402,0.32569020326596776,0.0,TEMPE POST ACUTE,AZ,,,For profit - Corporation,Medicare and Medicaid,60.0,5.0,3.0,5.0,0.9183333333333333
035107,2024-04,30,104.66666666666667,8001.0,0.0,2.552586306091891,0.32373832042319745,0.0,HAVEN OF PHOENIX,AZ,,,For profit - Corporation,Medicare and Medicaid,114.0,2.0,1.0,4.0,0.9181286549707602
035107,2024-05,31,105.93548387096774,8084.35,0.0,2.461522116095502,0.3314707362189613,0.0,HAVEN OF PHOENIX,AZ,,,For profit - Corporation,Medicare and Medicaid,114.0,2.0,1.0,4.0,0.9292586304470855
035107,2024-06,30,106.26666666666667,8518.49,0.0,2.6715919706744815,0.2982948157601027,0.0,HAVEN OF PHOENIX,AZ,,,For profit - Corporation,Medicare and Medicaid,114.0,2.0,1.0,4.0,0.9321637426900584
035110,2024-04,30,122.06666666666666,12611.960000000001,0.0,3.4465704111708297,0.4353419769595407,0.0,SUN WEST CHOICE HEALTHCARE & REHAB,AZ,,,For profit - Corporation,Medicare and Medicaid,140.0,3.0,3.0,3.0,0.8719047619047618
035110,2024-05,31,128.93548387096774,14352.84,0.0,3.59174618055169,0.44494448889595384,0.0,SUN WEST CHOICE HEALTHCARE & REHAB,AZ,,,For profit - Corporation,Medicare and Medicaid,140.0,3.0,3.0,3.0,0.9209677419354839
035110,2024-06,30,136.1,14602.67,0.0,3.5772754303353396,0.4036544851211581,0.0,SUN WEST CHOICE HEALTHCARE & REHAB,AZ,,,For profit - Corporation,Medicare and Medicaid,140.0,3.0,3.0,3.0,0.9721428571428571
035111,2024-04,30,114.03333333333333,10705.89,0.0,3.1305682249108107,0.508169704345593,0.0,LAKE PLEASANT POST ACUTE REHABILITATION CENTER,AZ,,,For profit - Corporation,Medicare and Medicaid,128.0,3.0,2.0,4.0,0.8908854166666667
035111,2024-05,31,104.16129032258064,10695.039999999999,0.0,3.3108641866251927,0.5376971619632593,0.0,LAKE PLEASANT POST ACUTE REHABILITATION CENTER,AZ,,,For profit - Corporation,Medicare and Medicaid,128.0,3.0,2.0,4.0,0.8137600806451613
035111,2024-06,30,98.13333333333334,9263.89,0.0,3.148155380150806,0.40590509726048885,0.0,LAKE PLEASANT POST ACUTE REHABILITATION CENTER,AZ,,,For profit - Corporation,Medicare and Medicaid,128.0,3.0,2.0,4.0,0.7666666666666667
035112,2024-04,30,112.76666666666667,12831.09,1685.57,3.798224809962316,0.4503686294261149,0.1317119341052947,APACHE JUNCTION HEALTH CENTER,AZ,,,For profit - Corporation,Medicare and Medicaid,190.0,3.0,2.0,4.0,0.5935087719298245
035112,2024-05,31,121.19354838709677,13803.71,2468.87,3.6766872226676472,0.41157358809925204,0.1792851811186048,APACHE JUNCTION HEALTH CENTER,AZ,,,For profit - Corporation,Medicare and Medicaid,190.0,3.0,2.0,4.0,0.6378607809847199
035112,2024-06,30,123.93333333333334,13078.0,3008.99,3.5198762037031694,0.3116848061254246,0.23013044184414402,APACHE JUNCTION HEALTH CENTER,AZ,,,For profit - Corporation,Medicare and Medicaid,190.0,3.0,2.0,4.0,0.652280701754386
035114,2024-04,30,66.53333333333333,7108.5,0.0,3.5634552429105657,0.30622135588979954,0.0,MOUNTAIN VIEW MANOR,AZ,,,For profit - Limited Liability company,Medicare and Medicaid,116.0,1.0,3.0,2.0,0.5735632183908046
035114,2024-05,31,63.12903225806452,7328.15,0.0,3.747061998484724,0.21727716349012471,0.0,MOUNTAIN VIEW MANOR,AZ,,,For profit - Limited Liability company,Medicare and Medicaid,116.0,1.0,3.0,2.0,0.5442157953281425
035114,2024-06,30,61.8,6702.65,0.0,3.613914774696876,0.17837080032979194,0.0,MOUNTAIN VIEW MANOR,AZ,,,For profit - Limited Liability company,Medicare and Medicaid,116.0,1.0,3.0,2.0,0.5327586206896552
035116,2024-04,30,47.233333333333334,5081.72,192.21,3.5857325444652113,0.30169063221464965,0.03636901018929934,THE REHABILITATION CENTER AT THE PALAZZO,AZ,,,For profit - Limited Liability company,Medicare and Medicaid,60.0,1.0,1.0,4.0,0.7872222222222223
035116,2024-05,31,49.70967741935484,5023.75,177.53,3.2715130664715315,0.1928125176307619,0.03474379506775258,THE REHABILITATION CENTER AT THE PALAZZO,AZ,,,For profit - Limited Liability company,Medicare and Medicaid,60.0,1.0,1.0,4.0,0.828494623655914
035116,2024-06,30,51.2,4817.15,102.03,3.146068843343259,0.24702723059063822,0.021479908903517274,THE REHABILITATION CENTER AT THE PALAZZO,AZ,,,For profit - Limited Liability company,Medicare and Medicaid,60.0,1.0,1.0,4.0,0.8533333333333334
035117,2024-04,30,35.3,3823.99,0.0,3.618788156897077,0.6979641325040125,0.0,PAYSON CARE CENTER,AZ,,,For profit - Corporation,Medicare and Medicaid,163.0,3.0,4.0,3.0,0.21656441717791408
035117,2024-05,31,41.354838709677416,3960.77,0.0,3.0946133978925316,0.46555673500713574,0.0,PAYSON CARE CENTER,AZ,,,For profit - Corporation,Medicare and Medicaid,163.0,3.0,4.0,3.0,0.2537106669305363
035117,2024-06,30,37.13333333333333,3506.27,0.0,3.1484842793731116,0.4403309246182802,0.0,PAYSON CARE CENTER,AZ,,,For profit - Corporation,Medicare and Medicaid,163.0,3.0,4.0,3.0,0.2278118609406953
035118,2024-04,30,53.3,3695.66,6.17,2.3200559852660705,0.5009401212261629,0.0015833910744989352,HAVEN OF CAMP VERDE,AZ,,,For profit - Corporation,Medicare and Medicaid,58.0,3.0,2.0,5.0,0.9189655172413793
035118,2024-05,31,44.54838709677419,3503.34,0.0,2.546186615265027,0.5686042390447358,0.0,HAVEN OF CAMP VERDE,AZ,,,For profit - Corporation,Medicare and Medicaid,58.0,3.0,2.0,5.0,0.768075639599555
035118,2024-06,30,42.2,3370.42,0.0,2.6613471646685913,0.5286118700100975,0.0,HAVEN OF CAMP VERDE,AZ,,,For profit - Corporation,Medicare and Medicaid,58.0,3.0,2.0,5.0,0.7275862068965517
035120,2024-04,30,118.06666666666666,10415.84,0.0,2.9405868630132046,0.3867168947357274,0.0,MI CASA NURSING CENTER,AZ,,,For profit - Corporation,Medicare and Medicaid,180.0,4.0,3.0,5.0,0.6559259259259259
035120,2024-05,31,113.45161290322581,11017.78,0.0,3.1335906801904256,0.4181521170357503,0.0,MI CASA NURSING CENTER,AZ,,,For profit - Corporation,Medicare and Medicaid,180.0,4.0,3.0,5.0,0.6302867383512545
035120,2024-06,30,106.53333333333333,11416.9,0.0,3.576411289955246,0.45004409996462785,0.0,MI CASA NURSING CENTER,AZ,,,For profit - Corporation,Medicare and Medicaid,180.0,4.0,3.0,5.0,0.5918518518518519
035121,2024-04,30,97.1,10685.48,1644.63,3.673330342274551,0.4747915557246815,0.15706789914522806,BOSWELL TRANSITIONAL CARE OF CASCADIA,AZ,,,For profit - Limited Liability company,Medicare and Medicaid,115.0,5.0,3.0,5.0,0.8443478260869565
035121,2024-05,31,87.3225806451613,10150.51,824.28,3.747584757851247,0.45695044995366774,0.0841640241566194,BOSWELL TRANSITIONAL CARE OF CASCADIA,AZ,,,For profit - Limited Liability company,Medicare and Medicaid,115.0,5.0,3.0,5.0,0.7593267882187938
035121,2024-06,30,94.96666666666667,11398.05,546.22,4.004816259287378,0.46793899092987784,0.05254735181119301,BOSWELL TRANSITIONAL CARE OF CASCADIA,AZ,,,For profit - Limited Liability company,Medicare and Medicaid,115.0,5.0,3.0,5.0,0.8257971014492754
035125,2024-04,30,134.36666666666667,17534.75,893.4200000000001,4.35326477218687,0.444943378439121,0.05196107532542316,RIDGECREST POST ACUTE,AZ,,,For profit - Limited Liability company,Medicare and Medicaid,200.0,2.0,4.0,1.0,0.6718333333333334
035125,2024-05,31,137.16129032258064,18356.31,572.7,4.31731013148632,0.46887133299077116,0.0320789406819711,RIDGECREST POST ACUTE,AZ,,,For profit - Limited Liability company,Medicare and Medicaid,200.0,2.0,4.0,1.0,0.6858064516129032
035125,2024-06,30,136.9,18026.74,936.52,4.39236944582206,0.40128713041609837,0.053250339679437896,RIDGECREST POST ACUTE,AZ,,,For profit - Limited Liability company,Medicare and Medicaid,200.0,2.0,4.0,1.0,0.6845
035126,2024-04,30,123.26666666666667,12465.45,0.0,3.380238997501675,0.432447381419957,0.0,LIFE CARE CENTER OF NORTH GLENDALE,AZ,,,For profit - Corporation,Medicare and Medicaid,223.0,3.0,3.0,4.0,0.5527653213751869
035126,2024-05,31,126.3225806451613,12724.15,0.0,3.2537418144505335,0.41890484321237964,0.0,LIFE CARE CENTER OF NORTH GLENDALE,AZ,,,For profit - Corporation,Medicare and Medicaid,223.0,3.0,3.0,4.0,0.5664689715029655
035126,2024-06,30,127.56666666666666,12569.52,0.0,3.289470668179559,0.3899277197120477,0.0,LIFE CARE CENTER OF NORTH GLENDALE,AZ,,,For profit - Corporation,Medicare and Medicaid,223.0,3.0,3.0,4.0,0.5720478325859492
035127,2024-04,30,55.8,5539.76,0.0,3.3141197870519177,0.9047210374206066,0.0,"HAVEN HEALTH PRESCOTT, LLC",AZ,,,For profit - Corporation,Medicare and Medicaid,58.0,2.0,4.0,3.0,0.9620689655172413
035127,2024-05,31,57.12903225806452,6135.83,0.0,3.4704346451968324,0.8566776995156737,0.0,"HAVEN HEALTH PRESCOTT, LLC",AZ,,,For profit - Corporation,Medicare and Medicaid,58.0,2.0,4.0,3.0,0.9849833147942159
035127,2024-06,30,53.93333333333333,5663.35,0.0,3.505730399125101,0.8615047687324254,0.0,"HAVEN HEALTH PRESCOTT, LLC",AZ,,,For profit - Corporation,Medicare and Medicaid,58.0,2.0,4.0,3.0,0.9298850574712643
035130,2024-04,30,84.33333333333333,8286.25,0.0,3.276173424304119,0.3477696058769813,0.0,ARCHSTONE CARE CENTER,AZ,,,For profit - Partnership,Medicare and Medicaid,120.0,4.0,2.0,4.0,0.7027777777777777
035130,2024-05,31,82.93548387096774,8680.89,0.0,3.3794340145851853,0.37446051559494065,0.0,ARCHSTONE CARE CENTER,AZ,,,For profit - Partnership,Medicare and Medicaid,120.0,4.0,2.0,4.0,0.6911290322580645
035130,2024-06,30,83.86666666666666,8449.09,0.0,3.3599169566634526,0.36149797906016823,0.0,ARCHSTONE CARE CENTER,AZ,,,For profit - Partnership,Medicare and Medicaid,120.0,4.0,2.0,4.0,0.6988888888888888
035131,2024-04,30,96.5,8301.67,1128.77,2.869009853711044,0.396899063821954,0.1354837890576404,GRANITE CREEK HEALTH & REHABILITATION CENTER,AZ,,,For profit - Corporation,Medicare and Medicaid,128.0,2.0,2.0,2.0,0.75390625
035131,2024-05,31,100.12903225806451,8728.4,1218.0,2.8082345155264665,0.39866025593654597,0.13850650959244862,GRANITE CREEK HEALTH & REHABILITATION CENTER,AZ,,,For profit - Corporation,Medicare and Medicaid,128.0,2.0,2.0,2.0,0.782258064516129
035131,2024-06,30,99.7,9005.51,1873.12,3.009373959677039,0.33723922255557665,0.20910217160615252,GRANITE CREEK HEALTH & REHABILITATION CENTER,AZ,,,For profit - Corporation,Medicare and Medicaid,128.0,2.0,2.0,2.0,0.77890625
035132,2024-04,30,168.73333333333332,17608.59,30.5,3.4763164045239274,0.28663306116230297,0.0016673501497635494,CORONADO HEALTHCARE CENTER,AZ,,,For profit - Limited Liability company,Medicare and Medicaid,191.0,3.0,3.0,5.0,0.8834205933682373
035132,2024-05,31,171.16129032258064,18575.03,130.75,3.503267290529085,0.31573549495733927,0.007080502013626389,CORONADO HEALTHCARE CENTER,AZ,,,For profit - Limited Liability company,Medicare and Medicaid,191.0,3.0,3.0,5.0,0.8961324100658672
035132,2024-06,30,173.9,19066.87,170.65,3.656571688640949,0.2887062659091962,0.009729634312011317,CORONADO HEALTHCARE CENTER,AZ,,,For profit - Limited Liability company,Medicare and Medicaid,191.0,3.0,3.0,5.0,0.9104712041884817
035133,2024-04,30,88.36666666666666,8536.1,0.0,3.2188052669139395,0.278327749629548,0.0,LIFE CARE CENTER OF YUMA,AZ,,,For profit - Limited Liability company,Medicare and Medicaid,128.0,2.0,3.0,2.0,0.6903645833333333
035133,2024-05,31,88.45161290322581,9234.76,0.0,3.367593454620434,0.2932283985615415,0.0,LIFE CARE CENTER OF YUMA,AZ,,,For profit - Limited Liability company,Medicare and Medicaid,128.0,2.0,3.0,2.0,0.6910282258064516
035133,2024-06,30,86.33333333333333,9157.69,0.0,3.5382170448170926,0.30098034179619837,0.0,LIFE CARE CENTER OF YUMA,AZ,,,For profit - Limited Liability company,Medicare and Medicaid,128.0,2.0,3.0,2.0,0.6744791666666666
035134,2024-04,30,63.2,5914.35,1508.23,3.1225043117468627,0.3846550648333655,0.255617915515804,RIM COUNTRY HEALTH & RETIREMENT COMMUNITY,AZ,,,For profit - Corporation,Medicare and Medicaid,109.0,1.0,3.0,1.0,0.5798165137614679
035134,2024-05,31,70.93548387096774,6234.0,1822.61,2.837373868519494,0.4032569783007112,0.29424433171263986,RIM COUNTRY HEALTH & RETIREMENT COMMUNITY,AZ,,,For profit - Corporation,Medicare and Medicaid,109.0,1.0,3.0,1.0,0.6507842556969518
035134,2024-06,30,69.96666666666667,6399.74,1678.53,3.049078800700385,0.43925662279540656,0.2682283353836468,RIM COUNTRY HEALTH & RETIREMENT COMMUNITY,AZ,,,For profit - Corporation,Medicare and Medicaid,109.0,1.0,3.0,1.0,0.6418960244648318
035135,2024-04,30,190.33333333333334,22812.52,522.44,4.000243661829093,0.8674747655076014,0.022578056544084648,MONTECITO POST ACUTE CARE AND REHABILITATION,AZ,,,For profit - Corporation,Medicare and Medicaid,222.0,2.0,2.0,3.0,0.8573573573573574
035135,2024-05,31,178.41935483870967,22538.79,483.44,4.08275832900438,0.911145083068076,0.02098630711334381,MONTECITO POST ACUTE CARE AND REHABILITATION,AZ,,,For profit - Corporation,Medicare and Medicaid,222.0,2.0,2.0,3.0,0.8036907875617553
035135,2024-06,30,185.2,22792.35,470.62,4.10133473077388,0.8405386103069146,0.019891467944505983,MONTECITO POST ACUTE CARE AND REHABILITATION,AZ,,,For profit - Corporation,Medicare and Medicaid,222.0,2.0,2.0,3.0,0.8342342342342342
035136,2024-04,30,60.56666666666667,5820.55,0.0,3.2073246763853756,0.5106772182304719,0.0,LIFE CARE CENTER OF SIERRA VISTA,AZ,,,For profit - Limited Liability company,Medicare and Medicaid,152.0,4.0,3.0,4.0,0.3984649122807018
035136,2024-05,31,63.41935483870968,6529.8,0.0,3.332113500767947,0.5113551159223636,0.0,LIFE CARE CENTER OF SIERRA VISTA,AZ,,,For profit - Limited Liability company,Medicare and Medicaid,152.0,4.0,3.0,4.0,0.41723259762309
035136,2024-06,30,63.333333333333336,5973.09,0.0,3.1531803906407037,0.4123131795174766,0.0,LIFE CARE CENTER OF SIERRA VISTA,AZ,,,For profit - Limited Liability company,Medicare and Medicaid,152.0,4.0,3.0,4.0,0.4166666666666667
035139,2024-04,30,50.96666666666667,2996.92,0.0,1.9573755627819207,0.5182507976024362,0.0,HAVEN OF SHOW LOW,AZ,,,For profit - Limited Liability company,Medicare and Medicaid,58.0,1.0,2.0,3.0,0.878735632183908
035139,2024-05,31,51.87096774193548,3083.63,0.0,1.922965928415936,0.48349478990626377,0.0,HAVEN OF SHOW LOW,AZ,,,For profit - Limited Liability company,Medicare and Medicaid,58.0,1.0,2.0,3.0,0.8943270300333703
035139,2024-06,30,47.96666666666667,3254.95,0.0,2.265828940639693,0.5783080272812177,0.0,HAVEN OF SHOW LOW,AZ,,,For profit - Limited Liability company,Medicare and Medicaid,58.0,1.0,2.0,3.0,0.8270114942528736
035140,2024-04,30,67.0,6431.7699999999995,0.0,3.2023063027969756,0.3584052693838854,0.0,LIFE CARE CENTER OF TUCSON,AZ,,,For profit - Corporation,Medicare and Medicaid,162.0,1.0,2.0,4.0,0.41358024691358025
035140,2024-05,31,74.58064516129032,7077.4,0.0,3.060888311894472,0.3206512432176257,0.0,LIFE CARE CENTER OF TUCSON,AZ,,,For profit - Corporation,Medicare and Medicaid,162.0,1.0,2.0,4.0,0.46037435284747114
035140,2024-06,30,66.9,6799.83,0.0,3.393653184127549,0.29502914110677586,0.0,LIFE CARE CENTER OF TUCSON,AZ,,,For profit - Corporation,Medicare and Medicaid,162.0,1.0,2.0,4.0,0.412962962962963
035141,2024-04,30,60.233333333333334,4404.27,0.0,2.4471389812267925,0.6912022375897169,0.0,HERITAGE HEALTH CARE CENTER,AZ,,,For profit - Limited Liability company,Medicare and Medicaid,96.0,5.0,3.0,4.0,0.6274305555555556
035141,2024-05,31,65.96774193548387,4516.74,0.0,2.2098615379731146,0.6026758248875679,0.0,HERITAGE HEALTH CARE CENTER,AZ,,,For profit - Limited Liability company,Medicare and Medicaid,96.0,5.0,3.0,4.0,0.6871639784946236
035141,2024-06,30,68.56666666666666,4310.95,0.0,2.096114091899631,0.5816287753313253,0.0,HERITAGE HEALTH CARE CENTER,AZ,,,For profit - Limited Liability company,Medicare and Medicaid,96.0,5.0,3.0,4.0,0.7142361111111111
035143,2024-04,30,24.433333333333334,2942.61,0.0,4.014762158171756,0.9769436322790246,0.0,LIFE CARE CENTER OF SCOTTSDALE,AZ,,,For profit - Limited Liability company,Medicare,132.0,2.0,3.0,4.0,0.1851010101010101
035143,2024-05,31,31.70967741935484,3073.32,0.0,3.1295575334885846,0.7222103904348061,0.0,LIFE CARE CENTER OF SCOTTSDALE,AZ,,,For profit - Limited Liability company,Medicare,132.0,2.0,3.0,4.0,0.24022482893450636
035143,2024-06,30,29.766666666666666,3205.27,0.0,3.5939488892136087,1.0163556453700737,0.0,LIFE CARE CENTER OF SCOTTSDALE,AZ,,,For profit - Limited Liability company,Medicare,132.0,2.0,3.0,4.0,0.22550505050505049
035144,2024-04,30,169.5,19613.19,73.3,3.8601583133263633,0.7675676012355993,0.00393202696205832,PEORIA POST ACUTE AND REHABILITATION,AZ,,,For profit - Corporation,Medicare and Medicaid,159.0,5.0,2.0,5.0,1.0660377358490567
035144,2024-05,31,169.25806451612902,20377.260000000002,0.0,3.8839594862605478,0.6772913790017375,0.0,PEORIA POST ACUTE AND REHABILITATION,AZ,,,For profit - Corporation,Medicare and Medicaid,159.0,5.0,2.0,5.0,1.064516129032258
035144,2024-06,30,168.26666666666668,20314.04,0.0,4.022080984674215,0.64766585440272,0.0,PEORIA POST ACUTE AND REHABILITATION,AZ,,,For profit - Corporation,Medicare and Medicaid,159.0,5.0,2.0,5.0,1.058280922431866
035145,2024-04,30,183.2,18935.75,1335.35,3.4472578458495264,0.2672726675641975,0.07040674085094548,DEVON GABLES REHABILITATION CENTER,AZ,,,For profit - Limited Liability company,Medicare and Medicaid,312.0,3.0,2.0,1.0,0.5871794871794871
035145,2024-05,31,188.38709677419354,19582.64,567.02,3.3541484854381456,0.28271032739989965,0.02925406244262003,DEVON GABLES REHABILITATION CENTER,AZ,,,For profit - Limited Liability company,Medicare and Medicaid,312.0,3.0,2.0,1.0,0.6038047973531844
035145,2024-06,30,190.5,18774.79,521.89,3.285469834396269,0.3212544178509258,0.028416979991839824,DEVON GABLES REHABILITATION CENTER,AZ,,,For profit - Limited Liability company,Medicare and Medicaid,312.0,3.0,2.0,1.0,0.6105769230769231
035146,2024-04,30,87.6,9606.43,0.0,3.6582428238544504,0.3813998917590307,0.0,LIFE CARE CENTER OF PARADISE VALLEY,AZ,,,For profit - Corporation,Medicare and Medicaid,210.0,,,,0.4171428571428571
035146,2024-05,31,85.45161290322581,9448.09,0.0,3.574003836427408,0.35033520489401526,0.0,LIFE CARE CENTER OF PARADISE VALLEY,AZ,,,For profit - Corporation,Medicare and Medicaid,210.0,,,,0.40691244239631336
035146,2024-06,30,91.13333333333334,9686.08,0.0,3.5438964556087553,0.3623657412783165,0.0,LIFE CARE CENTER OF PARADISE VALLEY,AZ,,,For profit - Corporation,Medicare and Medicaid,210.0,,,,0.433968253968254
035147,2024-04,30,58.266666666666666,5072.03,303.72,2.9011636164374286,0.26135730541582525,0.06704092790256375,VILLA MARIA POST ACUTE AND REHABILITATION,AZ,,,For profit - Limited Liability company,Medicare and Medicaid,83.0,2.0,2.0,4.0,0.702008032128514
035147,2024-05,31,52.25806451612903,5247.05,479.26,3.238721189845001,0.10387461517514146,0.09996869232683032,VILLA MARIA POST ACUTE AND REHABILITATION,AZ,,,For profit - Limited Liability company,Medicare and Medicaid,83.0,2.0,2.0,4.0,0.6296152351340847
035147,2024-06,30,55.06666666666667,5229.32,292.43,3.1717099705124037,0.22504760749598982,0.059778428561422445,VILLA MARIA POST ACUTE AND REHABILITATION,AZ,,,For profit - Limited Liability company,Medicare and Medicaid,83.0,2.0,2.0,4.0,0.6634538152610442
035151,2024-04,30,87.06666666666666,8556.12,1638.67,3.2782223328776805,0.5846474220759216,0.1929903736941643,SABINO CANYON REHABILITATION & CARE CENTER,AZ,,,For profit - Limited Liability company,Medicare and Medicaid,112.0,4.0,3.0,5.0,0.7773809523809524
035151,2024-05,31,82.83870967741936,8604.04,1577.73,3.352729322287213,0.5546227839392006,0.18659672050705362,SABINO CANYON REHABILITATION & CARE CENTER,AZ,,,For profit - Limited Liability company,Medicare and Medicaid,112.0,4.0,3.0,5.0,0.73963133640553
035151,2024-06,30,87.8,8116.51,2023.74,3.0819783084615526,0.5676799882830658,0.2527284223116488,SABINO CANYON REHABILITATION & CARE CENTER,AZ,,,For profit - Limited Liability company,Medicare and Medicaid,112.0,4.0,3.0,5.0,0.7839285714285714
035152,2024-04,30,66.23333333333333,7131.2,0.0,3.5954661629856517,0.5949997423205133,0.0,YUMA NURSING CENTER,AZ,,,For profit - Corporation,Medicare and Medicaid,120.0,4.0,3.0,4.0,0.5519444444444445
035152,2024-05,31,70.70967741935483,7606.75,0.0,3.4701209476236534,0.4700815863386928,0.0,YUMA NURSING CENTER,AZ,,,For profit - Corporation,Medicare and Medicaid,120.0,4.0,3.0,4.0,0.589247311827957
035152,2024-06,30,68.23333333333333,7446.5,0.0,3.6444482681974453,0.5384093372639389,0.0,YUMA NURSING CENTER,AZ,,,For profit - Corporation,Medicare and Medicaid,120.0,4.0,3.0,4.0,0.5686111111111111
035154,2024-04,30,129.7,14143.55,0.0,3.635825832576785,0.16010948935119293,0.0,PROVIDENCE PLACE AT GLENCROFT,AZ,,,Non profit - Corporation,Medicare and Medicaid,225.0,2.0,3.0,4.0,0.5764444444444444
035154,2024-05,31,130.48387096774192,14745.57,0.0,3.6453682667755007,0.17151078393416203,0.0,PROVIDENCE PLACE AT GLENCROFT,AZ,,,Non profit - Corporation,Medicare and Medicaid,225.0,2.0,3.0,4.0,0.5799283154121864
035154,2024-06,30,127.26666666666667,13453.36,0.0,3.5241129548788774,0.17194088047325068,0.0,PROVIDENCE PLACE AT GLENCROFT,AZ,,,Non profit - Corporation,Medicare and Medicaid,225.0,2.0,3.0,4.0,0.5656296296296296
035158,2024-04,30,32.36666666666667,3049.35,132.62,3.1535693306911194,0.7289490396989685,0.04275050544372922,GOOD SAMARITAN SOCIETY-PRESCOTT VILLAGE,AZ,,,Non profit - Corporation,Medicare and Medicaid,58.0,3.0,3.0,5.0,0.5580459770114943
035158,2024-05,31,33.16129032258065,3309.37,106.7,3.2275007851625497,0.7359851106620556,0.03161371765764224,GOOD SAMARITAN SOCIETY-PRESCOTT VILLAGE,AZ,,,Non profit - Corporation,Medicare and Medicaid,58.0,3.0,3.0,5.0,0.5717463848720802
035158,2024-06,30,33.766666666666666,3221.83,119.18,3.177793891117053,0.6972797670330758,0.03741076491253539,GOOD SAMARITAN SOCIETY-PRESCOTT VILLAGE,AZ,,,Non profit - Corporation,Medicare and Medicaid,58.0,3.0,3.0,5.0,0.582183908045977
035159,2024-04,30,126.2,12401.27,47.5,3.2785216915943485,0.3763011974583191,0.0038981479983764976,HORIZON POST ACUTE AND REHABILITATION CENTER,AZ,,,For profit - Corporation,Medicare and Medicaid,196.0,5.0,2.0,5.0,0.6438775510204082
035159,2024-05,31,129.96774193548387,13461.15,0.0,3.34482247685881,0.4039269850441616,0.0,HORIZON POST ACUTE AND REHABILITATION CENTER,AZ,,,For profit - Corporation,Medicare and Medicaid,196.0,5.0,2.0,5.0,0.663100724160632
035159,2024-06,30,127.43333333333334,13087.25,169.65,3.424226859287317,0.32450285984268895,0.013145209392072678,HORIZON POST ACUTE AND REHABILITATION CENTER,AZ,,,For profit - Corporation,Medicare and Medicaid,196.0,5.0,2.0,5.0,0.6501700680272109
035164,2024-04,30,87.03333333333333,8613.57,0.0,3.302771428656848,0.4866796536332699,0.0,DESERT BLOSSOM HEALTH & REHAB CENTER,AZ,,,For profit - Corporation,Medicare and Medicaid,106.0,4.0,3.0,5.0,0.8210691823899371
035164,2024-05,31,84.74193548387096,9043.72,0.0,3.4493701429523433,0.5398689960079237,0.0,DESERT BLOSSOM HEALTH & REHAB CENTER,AZ,,,For profit - Corporation,Medicare and Medicaid,106.0,4.0,3.0,5.0,0.7994522215459524
035164,2024-06,30,81.03333333333333,8064.83,0.0,3.3189272293878176,0.5612026702100382,0.0,DESERT BLOSSOM HEALTH & REHAB CENTER,AZ,,,For profit - Corporation,Medicare and Medicaid,106.0,4.0,3.0,5.0,0.7644654088050314
035165,2024-04,30,99.23333333333333,10996.31,0.0,3.694358583372818,0.6127136756712503,0.0,HAVEN OF TUCSON,AZ,,,For profit - Corporation,Medicare and Medicaid,118.0,5.0,2.0,5.0,0.8409604519774011
035165,2024-05,31,101.48387096774194,11192.210000000001,0.0,3.5653809570321653,0.5189869046398319,0.0,HAVEN OF TUCSON,AZ,,,For profit - Corporation,Medicare and Medicaid,118.0,5.0,2.0,5.0,0.8600328048113723
035165,2024-06,30,105.4,10692.89,0.0,3.385303855971272,0.537925768189607,0.0,HAVEN OF TUCSON,AZ,,,For profit - Corporation,Medicare and Medicaid,118.0,5.0,2.0,5.0,0.8932203389830509
035166,2024-04,30,122.76666666666667,11843.69,0.0,3.2161704604360546,0.2643586561252132,0.0,ESTRELLA HEALTH AND REHABILITATION CENTER,AZ,,,For profit - Corporation,Medicare and Medicaid,161.0,5.0,2.0,5.0,0.7625258799171842
035166,2024-05,31,126.58064516129032,12379.789999999999,0.0,3.1554992770823787,0.27881309234393803,0.0,ESTRELLA HEALTH AND REHABILITATION CENTER,AZ,,,For profit - Corporation,Medicare and Medicaid,161.0,5.0,2.0,5.0,0.786215187337207
035166,2024-06,30,119.73333333333333,11512.34,0.0,3.2053601968868177,0.30306933610351483,0.0,ESTRELLA HEALTH AND REHABILITATION CENTER,AZ,,,For profit - Corporation,Medicare and Medicaid,161.0,5.0,2.0,5.0,0.7436853002070394
035169,2024-04,30,78.26666666666667,8225.5,0.0,3.5054343798539285,0.4463092022351268,0.0,DESERT HIGHLANDS CARE CENTER,AZ,,,For profit - Limited Liability company,Medicare and Medicaid,120.0,2.0,4.0,2.0,0.6522222222222223
035169,2024-05,31,74.93548387096774,8660.0,0.0,3.729088471759428,0.4592576077816712,0.0,DESERT HIGHLANDS CARE CENTER,AZ,,,For profit - Limited Liability company,Medicare and Medicaid,120.0,2.0,4.0,2.0,0.6244623655913979
035169,2024-06,30,76.0,7998.5,0.0,3.5099136238669937,0.41819474134570367,0.0,DESERT HIGHLANDS CARE CENTER,AZ,,,For profit - Limited Liability company,Medicare and Medicaid,120.0,2.0,4.0,2.0,0.6333333333333333
035171,2024-04,30,64.43333333333334,5880.34,0.0,3.049613629337656,0.4363034857239235,0.0,ALTA MESA HEALTH AND REHABILITATION,AZ,,,For profit - Corporation,Medicare and Medicaid,70.0,5.0,2.0,5.0,0.9204761904761906
035171,2024-05,31,61.354838709677416,6240.59,0.0,3.298160405773812,0.5147369662748147,0.0,ALTA MESA HEALTH AND REHABILITATION,AZ,,,For profit - Corporation,Medicare and Medicaid,70.0,5.0,2.0,5.0,0.8764976958525346
035171,2024-06,30,63.6,5827.29,0.0,3.0732887924352283,0.518399402548386,0.0,ALTA MESA HEALTH AND REHABILITATION,AZ,,,For profit - Corporation,Medicare and Medicaid,70.0,5.0,2.0,5.0,0.9085714285714286
035172,2024-04,30,76.8,5460.34,0.0,2.3702629371810735,0.6785177146591137,0.0,HAVEN OF SAFFORD,AZ,,,For profit - Corporation,Medicare and Medicaid,106.0,3.0,3.0,4.0,0.7245283018867924
035172,2024-05,31,76.41935483870968,5755.0599999999995,0.0,2.4326738051373327,0.7303596655048854,0.0,HAVEN OF SAFFORD,AZ,,,For profit - Corporation,Medicare and Medicaid,106.0,3.0,3.0,4.0,0.7209373097991479
035172,2024-06,30,72.0,5576.05,0.0,2.585890326240428,0.7595479760112992,0.0,HAVEN OF SAFFORD,AZ,,,For profit - Corporation,Medicare and Medicaid,106.0,3.0,3.0,4.0,0.6792452830188679
035174,2024-04,30,113.96666666666667,11527.35,275.92,3.373731125293299,0.20524376416251364,0.023752631484216972,PARK AVENUE HEALTH AND REHABILITATION CENTER,AZ,,,For profit - Corporation,Medicare and Medicaid,200.0,2.0,3.0,5.0,0.5698333333333333
035174,2024-05,31,120.93548387096774,12795.95,840.7,3.416860728920767,0.18675257639630347,0.06568109579698142,PARK AVENUE HEALTH AND REHABILITATION CENTER,AZ,,,For profit - Corporation,Medicare and Medicaid,200.0,2.0,3.0,5.0,0.6046774193548388
035174,2024-06,30,121.56666666666666,12539.71,618.97,3.439944132830574,0.2429942909679634,0.04889540993684185,PARK AVENUE HEALTH AND REHABILITATION CENTER,AZ,,,For profit - Corporation,Medicare and Medicaid,200.0,2.0,3.0,5.0,0.6078333333333333
035175,2024-04,30,130.6,15707.34,0.0,4.009165691629317,0.2720517812394521,0.0,DESERT PEAK CARE CENTER,AZ,,,For profit - Corporation,Medicare and Medicaid,194.0,1.0,4.0,4.0,0.6731958762886597
035175,2024-05,31,133.8709677419355,16706.46,0.0,4.026470009677796,0.3276088664339924,0.0,DESERT PEAK CARE CENTER,AZ,,,For profit - Corporation,Medicare and Medicaid,194.0,1.0,4.0,4.0,0.6900565347522448
035175,2024-06,30,131.96666666666667,16227.92,0.0,4.099865495345465,0.3245071406642438,0.0,DESERT PEAK CARE CENTER,AZ,,,For profit - Corporation,Medicare and Medicaid,194.0,1.0,4.0,4.0,0.6802405498281787
035176,2024-04,30,58.266666666666666,7169.22,0.0,4.096030812791764,0.285349942971797,0.0,BEATITUDES CAMPUS,AZ,,,Non profit - Corporation,Medicare and Medicaid,72.0,3.0,2.0,4.0,0.8092592592592592
035176,2024-05,31,53.25806451612903,5424.38,0.0,3.2852080621751956,0.31797628847111503,0.0,BEATITUDES CAMPUS,AZ,,,Non profit - Corporation,Medicare and Medicaid,72.0,3.0,2.0,4.0,0.7396953405017921
035176,2024-06,30,51.3,4983.48,0.0,3.2415386269106365,0.3149204868482898,0.0,BEATITUDES CAMPUS,AZ,,,Non profit - Corporation,Medicare and Medicaid,72.0,3.0,2.0,4.0,0.7124999999999999
035180,2024-04,30,54.63333333333333,4693.73,0.0,2.8638110123439153,0.4792685587151823,0.0,HAVEN OF DOUGLAS,AZ,,,For profit - Limited Liability company,Medicare and Medicaid,58.0,5.0,3.0,5.0,0.9419540229885057
035180,2024-05,31,52.58064516129032,4733.39,0.0,2.9059949877874005,0.41976872297505197,0.0,HAVEN OF DOUGLAS,AZ,,,For profit - Limited Liability company,Medicare and Medicaid,58.0,5.0,3.0,5.0,0.9065628476084538
035180,2024-06,30,55.43333333333333,4540.69,0.0,2.7360422516688288,0.39171107356316176,0.0,HAVEN OF DOUGLAS,AZ,,,For profit - Limited Liability company,Medicare and Medicaid,58.0,5.0,3.0,5.0,0.9557471264367815
035183,2024-04,30,124.5,13420.23,0.0,3.594695907898762,0.5272453820219971,0.0,RIO VISTA POST ACUTE AND REHABILITATION,AZ,,,For profit - Limited Liability company,Medicare and Medicaid,150.0,4.0,3.0,5.0,0.83
035183,2024-05,31,127.64516129032258,13550.36,110.03,3.4285358196158033,0.511976494787481,0.00790758157315547,RIO VISTA POST ACUTE AND REHABILITATION,AZ,,,For profit - Limited Liability company,Medicare and Medicaid,150.0,4.0,3.0,5.0,0.8509677419354839
035183,2024-06,30,124.93333333333334,13022.18,126.53,3.475693523133762,0.4919631415048166,0.010014439679594846,RIO VISTA POST ACUTE AND REHABILITATION,AZ,,,For profit - Limited Liability company,Medicare and Medicaid,150.0,4.0,3.0,5.0,0.8328888888888889
035189,2024-04,30,86.7,7837.43,927.83,3.0176107168658985,0.13250184352441505,0.11645360015354812,LA CANADA CARE CENTER,AZ,,,For profit - Limited Liability company,Medicare and Medicaid,128.0,3.0,1.0,5.0,0.67734375
035189,2024-05,31,93.35483870967742,8527.94,1710.44,2.9467818174258706,0.11040812979873169,0.20293170263429516,LA CANADA CARE CENTER,AZ,,,For profit - Limited Liability company,Medicare and Medicaid,128.0,3.0,1.0,5.0,0.7293346774193549
035189,2024-06,30,92.5,8602.2,1117.08,3.103379389739696,0.054125683898116006,0.13239584736119694,LA CANADA CARE CENTER,AZ,,,For profit - Limited Liability company,Medicare and Medicaid,128.0,3.0,1.0,5.0,0.72265625
035190,2024-04,30,93.13333333333334,10371.19,146.03,3.716887015332523,0.7151654107855688,0.013539260426846854,CATALINA POST ACUTE AND REHABILITATION,AZ,,,For profit - Limited Liability company,Medicare and Medicaid,102.0,4.0,3.0,5.0,0.9130718954248367
035190,2024-05,31,93.96774193548387,10619.05,3.08,3.645670537560581,0.5988920653816938,0.0003002886699483929,CATALINA POST ACUTE AND REHABILITATION,AZ,,,For profit - Limited Liability company,Medicare and Medicaid,102.0,4.0,3.0,5.0,0.9212523719165086
035190,2024-06,30,95.26666666666667,10009.15,234.21,3.5030545892547433,0.6833730056006396,0.022594713471847147,CATALINA POST ACUTE AND REHABILITATION,AZ,,,For profit - Limited Liability company,Medicare and Medicaid,102.0,4.0,3.0,5.0,0.9339869281045752
035193,2024-04,30,97.03333333333333,11888.03,754.24,4.084102690424468,0.29005622751986404,0.06542529487591389,ALLEGIANT HEALTHCARE OF MESA,AZ,,,For profit - Individual,Medicare and Medicaid,204.0,1.0,2.0,4.0,0.4756535947712418
035193,2024-05,31,95.6774193548387,12091.76,1075.35,4.07778329279056,0.33377374302831386,0.09164398417764087,ALLEGIANT HEALTHCARE OF MESA,AZ,,,For profit - Individual,Medicare and Medicaid,204.0,1.0,2.0,4.0,0.46900695762175837
035193,2024-06,30,93.73333333333333,11916.95,981.27,4.243059531704236,0.26142914548489116,0.08560792148828493,ALLEGIANT HEALTHCARE OF MESA,AZ,,,For profit - Individual,Medicare and Medicaid,204.0,1.0,2.0,4.0,0.4594771241830065
035196,2024-04,30,119.9,11559.57,0.0,3.2176220599621685,0.2594526341393473,0.0,SANDRIDGE POST ACUTE,AZ,,,For profit - Limited Liability company,Medicare and Medicaid,191.0,4.0,2.0,5.0,0.6277486910994765
035196,2024-05,31,108.12903225806451,11013.07,0.0,3.2851613054550515,0.2259858680391709,0.0,SANDRIDGE POST ACUTE,AZ,,,For profit - Limited Liability company,Medicare and Medicaid,191.0,4.0,2.0,5.0,0.5661205877385577
035196,2024-06,30,115.13333333333334,11143.05,0.0,3.228381852083023,0.24135890616332709,0.0,SANDRIDGE POST ACUTE,AZ,,,For profit - Limited Liability company,Medicare and Medicaid,191.0,4.0,2.0,5.0,0.6027923211169285
035197,2024-04,30,100.26666666666667,7486.48,0.0,2.4907298105545825,0.20822191405060655,0.0,HAVEN OF YUMA,AZ,,,For profit - Limited Liability company,Medicare and Medicaid,120.0,2.0,2.0,5.0,0.8355555555555555
035197,2024-05,31,106.06451612903226,7789.0199999999995,0.0,2.372300346864691,0.24985983629148156,0.0,HAVEN OF YUMA,AZ,,,For profit - Limited Liability company,Medicare and Medicaid,120.0,2.0,2.0,5.0,0.8838709677419355
035197,2024-06,30,106.03333333333333,7496.6900000000005,0.0,2.3581201486887142,0.24527017813502827,0.0,HAVEN OF YUMA,AZ,,,For profit - Limited Liability company,Medicare and Medicaid,120.0,2.0,2.0,5.0,0.8836111111111111
035205,2024-04,30,63.53333333333333,5099.98,732.07,2.681489980194225,0.4506146412476051,0.1473406320716982,SUNCREST HEALTHCARE CENTER,AZ,,,For profit - Corporation,Medicare and Medicaid,115.0,3.0,3.0,5.0,0.552463768115942
035205,2024-05,31,64.96774193548387,5342.56,710.73,2.6540813079169934,0.3911390266319702,0.13435808408890335,SUNCREST HEALTHCARE CENTER,AZ,,,For profit - Corporation,Medicare and Medicaid,115.0,3.0,3.0,5.0,0.564936886395512
035205,2024-06,30,64.96666666666667,5080.85,740.3,2.6071598873348876,0.41548663315850815,0.14863202440130072,SUNCREST HEALTHCARE CENTER,AZ,,,For profit - Corporation,Medicare and Medicaid,115.0,3.0,3.0,5.0,0.5649275362318841
035207,2024-04,30,11.6,1832.83,91.1,5.268189393939394,1.4465555555555556,0.04857620870423843,SPRINGDALE VILLAGE HEALTHCARE,AZ,,,For profit - Limited Liability company,Medicare and Medicaid,122.0,2.0,4.0,4.0,0.09508196721311475
035207,2024-05,31,13.35483870967742,1836.19,89.39,4.494706154060993,1.3238910444394316,0.051217666612003845,SPRINGDALE VILLAGE HEALTHCARE,AZ,,,For profit - Limited Liability company,Medicare and Medicaid,122.0,2.0,4.0,4.0,0.10946589106292967
035207,2024-06,30,14.866666666666667,1796.99,173.51,4.058032912267471,1.180868712741507,0.09079844952961764,SPRINGDALE VILLAGE HEALTHCARE,AZ,,,For profit - Limited Liability company,Medicare and Medicaid,122.0,2.0,4.0,4.0,0.12185792349726776
035214,2024-04,30,47.13333333333333,5144.1900000000005,232.1,3.638516227258711,0.9396424799568301,0.04703064840029244,GOOD SAMARITAN SOCIETY-QUIBURI MISSION,AZ,,,Non profit - Corporation,Medicare and Medicaid,60.0,3.0,5.0,4.0,0.7855555555555556
035214,2024-05,31,48.193548387096776,5590.8,323.88,3.7449504444880217,0.8848471515445127,0.05920819219185051,GOOD SAMARITAN SOCIETY-QUIBURI MISSION,AZ,,,Non profit - Corporation,Medicare and Medicaid,60.0,3.0,5.0,4.0,0.8032258064516129
035214,2024-06,30,48.46666666666667,5480.46,248.64,3.773072984581128,0.8668102870284715,0.046720241813342646,GOOD SAMARITAN SOCIETY-QUIBURI MISSION,AZ,,,Non profit - Corporation,Medicare and Medicaid,60.0,3.0,5.0,4.0,0.8077777777777778
035216,2024-04,30,86.93333333333334,18857.3,0.0,7.232153922471272,0.9689034924625491,0.0,CARING HOUSE,AZ,,,Government - Federal,Medicare and Medicaid,100.0,4.0,4.0,2.0,0.8693333333333334
035216,2024-05,31,86.16129032258064,19878.75,0.0,7.446333551657981,1.0568220481828132,0.0,CARING HOUSE,AZ,,,Government - Federal,Medicare and Medicaid,100.0,4.0,4.0,2.0,0.8616129032258064
035216,2024-06,30,84.26666666666667,19466.5,0.0,7.702281387423546,1.0839777542593387,0.0,CARING HOUSE,AZ,,,Government - Federal,Medicare and Medicaid,100.0,4.0,4.0,2.0,0.8426666666666667
035217,2024-04,30,102.13333333333334,14028.66,0.0,4.58045987383301,0.3666557818141418,0.0,REHAB AT SCOTTSDALE VILLAGE SQUARE,AZ,,,For profit - Limited Liability company,Medicare and Medicaid,141.0,3.0,4.0,5.0,0.7243498817966904
035217,2024-05,31,101.80645161290323,13478.9,0.0,4.271683260681674,0.3966246063341662,0.0,REHAB AT SCOTTSDALE VILLAGE SQUARE,AZ,,,For profit - Limited Liability company,Medicare and Medicaid,141.0,3.0,4.0,5.0,0.7220315717227179
035217,2024-06,30,98.53333333333333,12669.8,0.0,4.287394001834398,0.4362886803346838,0.0,REHAB AT SCOTTSDALE VILLAGE SQUARE,AZ,,,For profit - Limited Liability company,Medicare and Medicaid,141.0,3.0,4.0,5.0,0.6988179669030733
035225,2024-04,30,103.63333333333334,10376.8,0.0,3.338346998874712,0.46439313656418174,0.0,SUN CITY POST ACUTE,AZ,,,For profit - Limited Liability company,Medicare and Medicaid,118.0,3.0,3.0,5.0,0.8782485875706215
035225,2024-05,31,100.19354838709677,10582.89,0.0,3.40736195388211,0.5125725957754049,0.0,SUN CITY POST ACUTE,AZ,,,For profit - Limited Liability company,Medicare and Medicaid,118.0,3.0,3.0,5.0,0.8490978676872607
035225,2024-06,30,104.63333333333334,10271.880000000001,0.0,3.2736436596280893,0.5188609204102639,0.0,SUN CITY POST ACUTE,AZ,,,For profit - Limited Liability company,Medicare and Medicaid,118.0,3.0,3.0,5.0,0.8867231638418079
035231,2024-04,30,30.033333333333335,5143.7,577.5,5.732014570857013,0.7169989839089084,0.1119172140182121,SIERRA WINDS,AZ,,,Non profit - Other,Medicare,70.0,2.0,4.0,5.0,0.42904761904761907
035231,2024-05,31,25.612903225806452,5012.7,203.0,6.358481162944437,0.9850290070709922,0.04072463183456886,SIERRA WINDS,AZ,,,Non profit - Other,Medicare,70.0,2.0,4.0,5.0,0.36589861751152075
035231,2024-06,30,22.833333333333332,4077.6,46.5,5.961242054826266,0.8585646214536375,0.009688520920951025,SIERRA WINDS,AZ,,,Non profit - Other,Medicare,70.0,2.0,4.0,5.0,0.3261904761904762
035232,2024-04,30,99.0,7794.21,0.0,2.625876164881218,0.23336166676722467,0.0,MOUNTAIN VIEW CARE CENTER,AZ,,,For profit - Limited Liability company,Medicare and Medicaid,120.0,1.0,2.0,4.0,0.825
035232,2024-05,31,98.19354838709677,8005.37,0.0,2.6298124725345984,0.24476175898097524,0.0,MOUNTAIN VIEW CARE CENTER,AZ,,,For profit - Limited Liability company,Medicare and Medicaid,120.0,1.0,2.0,4.0,0.8182795698924731
035232,2024-06,30,97.86666666666666,7793.72,0.0,2.652826904736433,0.2243107888201968,0.0,MOUNTAIN VIEW CARE CENTER,AZ,,,For profit - Limited Liability company,Medicare and Medicaid,120.0,1.0,2.0,4.0,0.8155555555555555
035233,2024-04,30,78.7,4295.14,0.0,1.8242209667744647,0.34481091397545055,0.0,HAVEN OF GLOBE,AZ,,,For profit - Corporation,Medicare and Medicaid,104.0,1.0,1.0,4.0,0.7567307692307692
035233,2024-05,31,81.12903225806451,5019.68,0.0,1.9982045268785515,0.35721453003539927,0.0,HAVEN OF GLOBE,AZ,,,For profit - Corporation,Medicare and Medicaid,104.0,1.0,1.0,4.0,0.7800868486352357
035233,2024-06,30,85.73333333333333,4898.29,0.0,1.902251382471421,0.3379828506507728,0.0,HAVEN OF GLOBE,AZ,,,For profit - Corporation,Medicare and Medicaid,104.0,1.0,1.0,4.0,0.8243589743589743
035234,2024-04,30,80.16666666666667,14048.0,4691.58,5.842225630413532,1.1626240397758039,0.3351770255477897,ARIZONA STATE VETERAN HOME-PHX,AZ,,,Government - State,Medicare and Medicaid,200.0,1.0,4.0,3.0,0.4008333333333334
035234,2024-05,31,81.3225806451613,14374.6,5420.0,5.705418982282027,1.113747439105889,0.3777771169955124,ARIZONA STATE VETERAN HOME-PHX,AZ,,,Government - State,Medicare and Medicaid,200.0,1.0,4.0,3.0,0.40661290322580645
035234,2024-06,30,80.03333333333333,14633.98,5190.4,6.102005312130003,1.1649076909853764,0.355591624500938,ARIZONA STATE VETERAN HOME-PHX,AZ,,,Government - State,Medicare and Medicaid,200.0,1.0,4.0,3.0,0.40016666666666667
035240,2024-04,30,81.63333333333334,7471.07,1548.29,3.0503775391681813,0.5046897975219549,0.20857428193000163,HAVEN OF LAKE HAVASU,AZ,,,For profit - Corporation,Medicare and Medicaid,104.0,3.0,2.0,5.0,0.7849358974358975
035240,2024-05,31,79.45161290322581,7432.96,1854.26,3.0195875070471674,0.5134724799744714,0.2516516198368843,HAVEN OF LAKE HAVASU,AZ,,,For profit - Corporation,Medicare and Medicaid,104.0,3.0,2.0,5.0,0.7639578163771712
035240,2024-06,30,79.2,7372.25,1898.45,3.1035886539023276,0.49449646951591414,0.2599346968734014,HAVEN OF LAKE HAVASU,AZ,,,For profit - Corporation,Medicare and Medicaid,104.0,3.0,2.0,5.0,0.7615384615384616
035241,2024-04,30,106.23333333333333,10941.96,0.0,3.435050678968645,0.41027888058326095,0.0,SOUTH MOUNTAIN POST ACUTE,AZ,,,For profit - Corporation,Medicare and Medicaid,124.0,4.0,2.0,5.0,0.8567204301075269
035241,2024-05,31,102.38709677419355,10667.27,0.0,3.3622650403552696,0.4200009603039033,0.0,SOUTH MOUNTAIN POST ACUTE,AZ,,,For profit - Corporation,Medicare and Medicaid,124.0,4.0,2.0,5.0,0.8257023933402706
035241,2024-06,30,106.13333333333334,11066.93,0.0,3.4749837952543126,0.32049293546385926,0.0,SOUTH MOUNTAIN POST ACUTE,AZ,,,For profit - Corporation,Medicare and Medicaid,124.0,4.0,2.0,5.0,0.8559139784946237
035242,2024-04,30,57.93333333333333,3841.25,819.0,2.210682052203913,0.06713371834271047,0.21102256233926994,DR GUY GORMAN SR CARE HOME,AZ,,,Non profit - Corporation,Medicare and Medicaid,80.0,1.0,2.0,1.0,0.7241666666666666
035242,2024-05,31,57.61290322580645,4475.75,1529.25,2.506700915246961,0.07638848232929377,0.3400523858751446,DR GUY GORMAN SR CARE HOME,AZ,,,Non profit - Corporation,Medicare and Medicaid,80.0,1.0,2.0,1.0,0.7201612903225806
035242,2024-06,30,55.4,4359.0,1448.5,2.6248377373146945,0.19058935657084106,0.3339708720385127,DR GUY GORMAN SR CARE HOME,AZ,,,Non profit - Corporation,Medicare and Medicaid,80.0,1.0,2.0,1.0,0.6925
035244,2024-04,30,55.5,5508.65,0.0,3.3114386311413386,0.9575423336958787,0.0,GOOD SAMARITAN SOCIETY-PRESCOTT VALLEY,AZ,,,Non profit - Corporation,Medicare and Medicaid,58.0,3.0,3.0,4.0,0.9568965517241379
035244,2024-05,31,53.87096774193548,5360.36,0.0,3.2131774866217353,0.8862546666298496,0.0,GOOD SAMARITAN SOCIETY-PRESCOTT VALLEY,AZ,,,Non profit - Corporation,Medicare and Medicaid,58.0,3.0,3.0,4.0,0.92880978865406
035244,2024-06,30,54.46666666666667,5188.49,0.0,3.1768079717980897,0.7997226518194125,0.0,GOOD SAMARITAN SOCIETY-PRESCOTT VALLEY,AZ,,,Non profit - Corporation,Medicare and Medicaid,58.0,3.0,3.0,4.0,0.939080459770115
035245,2024-04,30,113.66666666666667,14966.87,360.0,4.391746507230108,0.46754242570982296,0.02357490697990665,SUNVIEW RESPIRATORY AND REHABILITATION,AZ,,,For profit - Corporation,Medicare and Medicaid,127.0,4.0,1.0,5.0,0.89501312335958
035245,2024-05,31,107.80645161290323,15148.97,270.0,4.533553845583474,0.4782698200953456,0.01760821161647771,SUNVIEW RESPIRATORY AND REHABILITATION,AZ,,,For profit - Corporation,Medicare and Medicaid,127.0,4.0,1.0,5.0,0.8488696977393955
035245,2024-06,30,106.9,14264.380000000001,369.0,4.450827060092765,0.5475545366262863,0.02503795644072753,SUNVIEW RESPIRATORY AND REHABILITATION,AZ,,,For profit - Corporation,Medicare and Medicaid,127.0,4.0,1.0,5.0,0.841732283464567
035247,2024-04,30,45.4,4591.79,652.78,3.371603990670062,0.2361576280086757,0.1437408569807723,MARYLAND GARDENS POST ACUTE,AZ,,,For profit - Limited Liability company,Medicare and Medicaid,58.0,5.0,3.0,5.0,0.7827586206896552
